{"type":"FeatureCollection","features":[{"type":"Feature","properties":{"nam_ja":"京都府","id":26},"geometry":{"type":"MultiPolygon","coordinates":[[[[135.04,35.54],[135.02,35.54],[135.0,35.53],[135.0,35.54],[134.98,35.52],[134.96,35.52],[134.95,35.52],[134.94,35.51],[134.92,35.51],[134.92,35.53],[134.92,35.54],[134.9,35.55],[134.89,35.56],[134.88,35.57],[134.87,35.58],[134.86,35.59],[134.87,35.61],[134.87,35.62],[134.87,35.64],[134.87,35.65],[134.87,35.66],[134.88,35.66],[134.88,35.65],[134.89,35.65],[134.9,35.65],[134.93,35.65],[134.95,35.66],[134.97,35.67],[134.97,35.68],[134.98,35.68],[134.99,35.69],[135.0,35.69],[135.01,35.69],[135.02,35.69],[135.04,35.7],[135.05,35.7],[135.06,35.71],[135.07,35.72],[135.08,35.72],[135.09,35.74],[135.1,35.74],[135.11,35.74],[135.12,35.75],[135.13,35.75],[135.14,35.75],[135.15,35.75],[135.16,35.75],[135.17,35.76],[135.18,35.76],[135.19,35.76],[135.19,35.77],[135.2,35.76],[135.22,35.78],[135.23,35.77],[135.24,35.77],[135.25,35.76],[135.25,35.75],[135.26,35.74],[135.27,35.74],[135.27,35.73],[135.28,35.73],[135.29,35.72],[135.29,35.71],[135.3,35.7],[135.31,35.69],[135.3,35.68],[135.3,35.67],[135.3,35.66],[135.29,35.66],[135.29,35.67],[135.28,35.67],[135.27,35.67],[135.25,35.65],[135.24,35.62],[135.23,35.6],[135.21,35.58],[135.19,35.55],[135.2,35.54],[135.21,35.55],[135.21,35.56],[135.22,35.57],[135.23,35.58],[135.24,35.58],[135.24,35.59],[135.25,35.59],[135.25,35.6],[135.25,35.59],[135.25,35.58],[135.26,35.57],[135.27,35.56],[135.25,35.56],[135.24,35.56],[135.24,35.54],[135.26,35.53],[135.27,35.53],[135.29,35.52],[135.32,35.52],[135.32,35.53],[135.33,35.51],[135.33,35.49],[135.32,35.48],[135.32,35.47],[135.32,35.45],[135.32,35.46],[135.33,35.46],[135.33,35.47],[135.35,35.48],[135.34,35.48],[135.35,35.49],[135.36,35.49],[135.37,35.49],[135.38,35.49],[135.38,35.48],[135.37,35.48],[135.38,35.48],[135.39,35.48],[135.4,35.49],[135.4,35.5],[135.39,35.5],[135.39,35.51],[135.39,35.52],[135.38,35.5],[135.37,35.51],[135.36,35.51],[135.35,35.5],[135.34,35.51],[135.35,35.51],[135.35,35.52],[135.34,35.53],[135.34,35.55],[135.36,35.55],[135.38,35.56],[135.39,35.56],[135.4,35.57],[135.41,35.57],[135.43,35.57],[135.43,35.58],[135.44,35.59],[135.45,35.59],[135.45,35.6],[135.46,35.6],[135.46,35.59],[135.45,35.58],[135.46,35.57],[135.47,35.57],[135.47,35.56],[135.49,35.56],[135.46,35.55],[135.45,35.52],[135.47,35.51],[135.47,35.5],[135.47,35.49],[135.46,35.47],[135.47,35.46],[135.49,35.45],[135.5,35.44],[135.5,35.43],[135.5,35.42],[135.52,35.42],[135.53,35.41],[135.53,35.4],[135.53,35.39],[135.55,35.38],[135.57,35.38],[135.59,35.37],[135.6,35.37],[135.61,35.37],[135.64,35.37],[135.66,35.36],[135.68,35.35],[135.7,35.34],[135.71,35.35],[135.73,35.35],[135.74,35.36],[135.75,35.36],[135.77,35.36],[135.76,35.34],[135.78,35.34],[135.79,35.33],[135.81,35.32],[135.81,35.31],[135.82,35.3],[135.83,35.28],[135.84,35.28],[135.86,35.29],[135.85,35.27],[135.84,35.26],[135.84,35.25],[135.84,35.23],[135.83,35.21],[135.84,35.19],[135.84,35.18],[135.86,35.16],[135.85,35.14],[135.85,35.12],[135.84,35.11],[135.84,35.09],[135.83,35.07],[135.83,35.05],[135.82,35.05],[135.83,35.03],[135.83,35.01],[135.82,35.01],[135.84,35.0],[135.83,35],[135.83,34.99],[135.85,34.98],[135.86,34.96],[135.87,34.96],[135.88,34.94],[135.87,34.93],[135.87,34.91],[135.87,34.89],[135.88,34.89],[135.89,34.88],[135.9,34.87],[135.91,34.88],[135.92,34.88],[135.94,34.89],[135.94,34.88],[135.94,34.86],[135.96,34.85],[135.97,34.85],[135.99,34.84],[136.0,34.84],[136.01,34.83],[136.03,34.82],[136.03,34.81],[136.01,34.8],[136.02,34.79],[136.02,34.78],[136.03,34.77],[136.03,34.76],[136.04,34.75],[136.05,34.74],[136.04,34.74],[136.03,34.72],[136.02,34.71],[136.01,34.71],[136.0,34.71],[135.99,34.72],[135.98,34.74],[135.97,34.74],[135.96,34.74],[135.94,34.74],[135.93,34.74],[135.93,34.75],[135.93,34.76],[135.92,34.75],[135.9,34.74],[135.9,34.72],[135.88,34.71],[135.87,34.71],[135.86,34.71],[135.85,34.71],[135.83,34.71],[135.82,34.71],[135.81,34.71],[135.8,34.72],[135.79,34.72],[135.77,34.72],[135.76,34.73],[135.76,34.74],[135.74,34.75],[135.73,34.78],[135.74,34.79],[135.74,34.8],[135.73,34.82],[135.72,34.83],[135.71,34.85],[135.69,34.86],[135.69,34.87],[135.68,34.88],[135.67,34.9],[135.66,34.9],[135.65,34.91],[135.65,34.92],[135.64,34.93],[135.63,34.94],[135.62,34.93],[135.6,34.93],[135.61,34.94],[135.62,34.96],[135.61,34.97],[135.6,34.97],[135.58,34.98],[135.57,34.96],[135.57,34.95],[135.56,34.94],[135.56,34.93],[135.58,34.94],[135.57,34.92],[135.55,34.92],[135.54,34.92],[135.52,34.93],[135.5,34.95],[135.49,34.95],[135.49,34.96],[135.48,34.97],[135.49,34.97],[135.48,34.98],[135.49,34.99],[135.48,34.99],[135.46,35.0],[135.44,35.01],[135.42,35.0],[135.4,35.01],[135.39,35.01],[135.38,35.02],[135.38,35.04],[135.37,35.05],[135.38,35.06],[135.39,35.07],[135.4,35.08],[135.4,35.09],[135.39,35.1],[135.39,35.11],[135.39,35.13],[135.37,35.13],[135.36,35.13],[135.34,35.14],[135.34,35.15],[135.31,35.14],[135.29,35.14],[135.28,35.14],[135.29,35.16],[135.29,35.17],[135.28,35.17],[135.26,35.18],[135.25,35.18],[135.23,35.17],[135.21,35.16],[135.2,35.17],[135.19,35.17],[135.19,35.19],[135.2,35.2],[135.18,35.22],[135.17,35.22],[135.16,35.23],[135.16,35.25],[135.15,35.26],[135.13,35.26],[135.11,35.27],[135.09,35.26],[135.08,35.24],[135.07,35.24],[135.06,35.25],[135.06,35.26],[135.04,35.26],[135.02,35.27],[135.01,35.28],[135.0,35.29],[134.99,35.29],[134.96,35.3],[134.94,35.31],[134.92,35.32],[134.93,35.33],[134.92,35.34],[134.92,35.36],[134.92,35.39],[134.93,35.4],[134.95,35.41],[134.98,35.4],[134.99,35.39],[135.0,35.39],[135.01,35.39],[135.02,35.39],[135.03,35.41],[135.05,35.41],[135.05,35.43],[135.05,35.45],[135.04,35.47],[135.04,35.48],[135.03,35.5],[135.04,35.51],[135.04,35.53],[135.04,35.54]]]]}},{"type":"Feature","properties":{"nam_ja":"佐賀県","id":41},"geometry":{"type":"MultiPolygon","coordinates":[[[[130.04,33.47],[130.06,33.47],[130.07,33.47],[130.1,33.47],[130.11,33.48],[130.14,33.47],[130.15,33.48],[130.17,33.47],[130.19,33.47],[130.19,33.48],[130.2,33.48],[130.22,33.48],[130.23,33.48],[130.24,33.47],[130.26,33.48],[130.28,33.47],[130.3,33.46],[130.31,33.46],[130.34,33.44],[130.36,33.43],[130.37,33.43],[130.39,33.43],[130.4,33.42],[130.41,33.4],[130.42,33.4],[130.44,33.4],[130.44,33.41],[130.46,33.42],[130.46,33.43],[130.48,33.44],[130.5,33.44],[130.51,33.44],[130.53,33.44],[130.54,33.44],[130.54,33.39],[130.54,33.34],[130.52,33.34],[130.51,33.34],[130.5,33.33],[130.48,33.33],[130.49,33.31],[130.46,33.3],[130.46,33.29],[130.45,33.28],[130.44,33.26],[130.44,33.28],[130.43,33.29],[130.43,33.27],[130.42,33.26],[130.4,33.25],[130.39,33.26],[130.39,33.25],[130.37,33.24],[130.38,33.23],[130.36,33.21],[130.34,33.2],[130.35,33.18],[130.36,33.15],[130.29,33.15],[130.28,33.16],[130.26,33.18],[130.26,33.2],[130.25,33.2],[130.25,33.19],[130.23,33.2],[130.21,33.2],[130.23,33.19],[130.22,33.17],[130.19,33.15],[130.15,33.11],[130.12,33.12],[130.13,33.11],[130.12,33.1],[130.11,33.1],[130.13,33.1],[130.13,33.09],[130.14,33.09],[130.14,33.08],[130.15,33.07],[130.16,33.05],[130.17,33.05],[130.17,33.04],[130.18,33.02],[130.19,33.0],[130.2,32.99],[130.21,32.99],[130.21,32.98],[130.22,32.98],[130.22,32.96],[130.21,32.96],[130.19,32.96],[130.17,32.96],[130.14,32.97],[130.12,32.97],[130.11,32.97],[130.09,32.97],[130.08,32.98],[130.06,32.99],[130.04,33.0],[130.04,33.01],[130.02,33.02],[130.01,33.02],[130.0,33.03],[129.99,33.05],[129.98,33.06],[129.97,33.06],[129.94,33.07],[129.93,33.09],[129.93,33.1],[129.93,33.11],[129.95,33.11],[129.95,33.13],[129.94,33.16],[129.93,33.16],[129.91,33.16],[129.9,33.16],[129.89,33.16],[129.88,33.16],[129.87,33.17],[129.86,33.17],[129.84,33.18],[129.82,33.18],[129.81,33.2],[129.81,33.22],[129.81,33.23],[129.81,33.24],[129.8,33.25],[129.77,33.29],[129.76,33.3],[129.77,33.32],[129.79,33.34],[129.8,33.33],[129.81,33.32],[129.82,33.31],[129.83,33.29],[129.84,33.29],[129.85,33.29],[129.84,33.3],[129.83,33.31],[129.84,33.32],[129.84,33.33],[129.85,33.33],[129.83,33.34],[129.84,33.33],[129.84,33.34],[129.85,33.34],[129.84,33.34],[129.84,33.35],[129.85,33.35],[129.85,33.36],[129.86,33.37],[129.87,33.37],[129.87,33.38],[129.87,33.39],[129.86,33.39],[129.87,33.39],[129.87,33.4],[129.86,33.41],[129.85,33.4],[129.84,33.41],[129.83,33.41],[129.82,33.42],[129.83,33.42],[129.82,33.42],[129.81,33.43],[129.8,33.44],[129.79,33.44],[129.79,33.45],[129.78,33.45],[129.79,33.46],[129.8,33.46],[129.8,33.45],[129.8,33.46],[129.79,33.47],[129.8,33.48],[129.81,33.48],[129.82,33.48],[129.83,33.48],[129.83,33.46],[129.84,33.46],[129.84,33.44],[129.84,33.45],[129.85,33.44],[129.85,33.45],[129.86,33.45],[129.85,33.47],[129.84,33.47],[129.83,33.47],[129.84,33.48],[129.84,33.49],[129.83,33.5],[129.83,33.51],[129.83,33.52],[129.84,33.52],[129.85,33.51],[129.86,33.51],[129.85,33.52],[129.84,33.52],[129.85,33.53],[129.86,33.52],[129.86,33.53],[129.85,33.54],[129.85,33.55],[129.85,33.56],[129.86,33.55],[129.86,33.54],[129.87,33.54],[129.88,33.53],[129.87,33.52],[129.88,33.52],[129.88,33.53],[129.88,33.54],[129.89,33.54],[129.9,33.55],[129.91,33.54],[129.93,33.55],[129.93,33.54],[129.95,33.53],[129.96,33.52],[129.97,33.51],[129.96,33.51],[129.94,33.49],[129.94,33.48],[129.94,33.47],[129.95,33.48],[129.96,33.47],[129.96,33.48],[129.97,33.47],[129.96,33.46],[129.98,33.45],[130.02,33.45],[130.04,33.46],[130.04,33.47]]]]}},{"type":"Feature","properties":{"nam_ja":"熊本県","id":43},"geometry":{"type":"MultiPolygon","coordinates":[[[[131.11,33.18],[131.12,33.17],[131.13,33.16],[131.14,33.15],[131.17,33.12],[131.17,33.11],[131.17,33.1],[131.17,33.08],[131.19,33.08],[131.2,33.07],[131.21,33.06],[131.23,33.02],[131.23,33.01],[131.25,33.0],[131.25,32.99],[131.25,32.98],[131.26,32.98],[131.25,32.96],[131.25,32.95],[131.25,32.94],[131.25,32.92],[131.25,32.89],[131.27,32.88],[131.28,32.87],[131.29,32.86],[131.32,32.85],[131.33,32.83],[131.32,32.83],[131.29,32.83],[131.26,32.83],[131.26,32.82],[131.25,32.81],[131.25,32.8],[131.23,32.78],[131.24,32.77],[131.23,32.75],[131.23,32.74],[131.19,32.72],[131.18,32.7],[131.17,32.69],[131.17,32.67],[131.16,32.67],[131.14,32.68],[131.13,32.66],[131.12,32.64],[131.12,32.63],[131.12,32.61],[131.11,32.59],[131.1,32.58],[131.08,32.58],[131.06,32.59],[131.05,32.59],[131.04,32.57],[131.03,32.55],[131.02,32.55],[131.02,32.52],[131.01,32.52],[131.01,32.49],[131.02,32.47],[131.02,32.45],[131.03,32.42],[131.05,32.41],[131.06,32.41],[131.07,32.39],[131.07,32.38],[131.07,32.36],[131.1,32.34],[131.11,32.33],[131.09,32.3],[131.08,32.29],[131.06,32.29],[131.05,32.28],[131.05,32.26],[131.04,32.25],[131.06,32.25],[131.07,32.23],[131.08,32.21],[131.1,32.2],[131.1,32.17],[131.11,32.16],[131.09,32.15],[131.06,32.16],[131.05,32.16],[131.03,32.17],[131.02,32.17],[131.0,32.17],[130.99,32.16],[130.98,32.14],[130.97,32.12],[130.96,32.12],[130.94,32.12],[130.92,32.12],[130.91,32.13],[130.9,32.13],[130.88,32.12],[130.87,32.11],[130.85,32.1],[130.83,32.1],[130.81,32.1],[130.77,32.1],[130.75,32.1],[130.74,32.1],[130.73,32.1],[130.7,32.11],[130.67,32.13],[130.65,32.14],[130.64,32.15],[130.63,32.16],[130.62,32.17],[130.6,32.19],[130.6,32.18],[130.58,32.15],[130.55,32.15],[130.54,32.14],[130.51,32.14],[130.5,32.14],[130.48,32.14],[130.47,32.12],[130.46,32.12],[130.44,32.11],[130.42,32.12],[130.4,32.12],[130.38,32.15],[130.36,32.17],[130.36,32.18],[130.37,32.18],[130.38,32.18],[130.38,32.19],[130.38,32.2],[130.37,32.2],[130.38,32.21],[130.39,32.22],[130.4,32.22],[130.4,32.24],[130.41,32.23],[130.42,32.24],[130.43,32.23],[130.44,32.24],[130.43,32.24],[130.43,32.25],[130.43,32.26],[130.43,32.27],[130.44,32.27],[130.45,32.27],[130.45,32.28],[130.45,32.29],[130.46,32.28],[130.46,32.29],[130.47,32.29],[130.48,32.29],[130.48,32.3],[130.49,32.3],[130.48,32.3],[130.47,32.3],[130.47,32.32],[130.46,32.33],[130.47,32.33],[130.48,32.33],[130.48,32.34],[130.49,32.35],[130.51,32.36],[130.5,32.36],[130.49,32.36],[130.5,32.38],[130.52,32.39],[130.54,32.42],[130.55,32.42],[130.57,32.43],[130.57,32.44],[130.56,32.47],[130.57,32.48],[130.54,32.48],[130.56,32.5],[130.55,32.51],[130.56,32.51],[130.57,32.51],[130.54,32.53],[130.56,32.54],[130.57,32.56],[130.59,32.57],[130.61,32.59],[130.62,32.59],[130.62,32.61],[130.63,32.62],[130.66,32.62],[130.66,32.63],[130.65,32.64],[130.62,32.63],[130.61,32.63],[130.59,32.62],[130.58,32.62],[130.56,32.62],[130.55,32.62],[130.54,32.62],[130.53,32.62],[130.52,32.61],[130.5,32.61],[130.49,32.61],[130.48,32.61],[130.46,32.61],[130.45,32.62],[130.47,32.64],[130.5,32.65],[130.51,32.66],[130.52,32.66],[130.55,32.69],[130.56,32.69],[130.58,32.7],[130.59,32.71],[130.61,32.71],[130.6,32.72],[130.61,32.75],[130.6,32.75],[130.59,32.76],[130.6,32.76],[130.6,32.78],[130.61,32.79],[130.6,32.8],[130.6,32.81],[130.59,32.82],[130.58,32.83],[130.58,32.84],[130.56,32.84],[130.52,32.87],[130.51,32.88],[130.5,32.89],[130.46,32.9],[130.46,32.91],[130.46,32.92],[130.44,32.91],[130.44,32.92],[130.44,32.93],[130.43,32.99],[130.43,33.0],[130.41,33.0],[130.43,33.01],[130.46,33.0],[130.48,33.0],[130.49,33.0],[130.5,33.0],[130.51,33.01],[130.51,33.02],[130.5,33.04],[130.5,33.05],[130.51,33.06],[130.53,33.06],[130.54,33.08],[130.55,33.08],[130.56,33.09],[130.56,33.1],[130.57,33.11],[130.59,33.11],[130.61,33.11],[130.62,33.11],[130.64,33.11],[130.65,33.11],[130.66,33.13],[130.67,33.15],[130.68,33.17],[130.69,33.15],[130.7,33.15],[130.71,33.15],[130.73,33.15],[130.75,33.14],[130.76,33.13],[130.77,33.13],[130.78,33.12],[130.79,33.12],[130.82,33.11],[130.83,33.11],[130.84,33.1],[130.84,33.09],[130.86,33.1],[130.87,33.09],[130.89,33.09],[130.9,33.07],[130.9,33.06],[130.92,33.05],[130.93,33.05],[130.94,33.05],[130.96,33.05],[130.98,33.02],[131.0,33.03],[131.0,33.04],[131.01,33.05],[131.02,33.06],[131.02,33.08],[131.02,33.09],[131.01,33.1],[131.0,33.11],[130.99,33.12],[130.98,33.14],[130.98,33.15],[130.98,33.16],[130.99,33.18],[131.0,33.18],[131.01,33.18],[131.03,33.19],[131.05,33.19],[131.06,33.19],[131.09,33.19],[131.11,33.18]]],[[[130.35,32.4],[130.35,32.41],[130.35,32.42],[130.34,32.42],[130.34,32.41],[130.33,32.4],[130.32,32.4],[130.31,32.4],[130.29,32.4],[130.28,32.4],[130.27,32.41],[130.25,32.39],[130.24,32.39],[130.24,32.4],[130.25,32.4],[130.24,32.41],[130.23,32.42],[130.23,32.41],[130.22,32.42],[130.21,32.43],[130.21,32.42],[130.2,32.41],[130.2,32.4],[130.19,32.39],[130.2,32.39],[130.21,32.39],[130.22,32.39],[130.22,32.38],[130.22,32.37],[130.22,32.36],[130.21,32.35],[130.2,32.33],[130.19,32.32],[130.17,32.31],[130.17,32.32],[130.17,32.33],[130.18,32.34],[130.17,32.33],[130.16,32.33],[130.15,32.32],[130.16,32.31],[130.15,32.31],[130.14,32.31],[130.14,32.3],[130.15,32.3],[130.16,32.3],[130.16,32.29],[130.15,32.28],[130.14,32.29],[130.12,32.27],[130.11,32.26],[130.11,32.25],[130.09,32.26],[130.09,32.25],[130.1,32.25],[130.1,32.23],[130.09,32.23],[130.08,32.24],[130.09,32.24],[130.08,32.24],[130.08,32.23],[130.08,32.22],[130.08,32.21],[130.07,32.21],[130.06,32.21],[130.04,32.2],[130.04,32.21],[130.03,32.21],[130.03,32.2],[130.02,32.19],[130.01,32.19],[130.01,32.2],[130.0,32.19],[129.99,32.2],[130.0,32.21],[130.0,32.22],[130.01,32.21],[130.01,32.22],[130.01,32.24],[130.0,32.23],[129.99,32.24],[130.0,32.25],[129.99,32.24],[129.97,32.24],[129.97,32.25],[129.98,32.27],[129.99,32.28],[130.0,32.29],[130.01,32.29],[130.02,32.3],[130.02,32.29],[130.03,32.28],[130.04,32.28],[130.03,32.29],[130.03,32.3],[130.04,32.3],[130.05,32.3],[130.05,32.29],[130.05,32.28],[130.06,32.28],[130.06,32.29],[130.07,32.3],[130.05,32.31],[130.04,32.31],[130.03,32.31],[130.03,32.32],[130.02,32.31],[130.01,32.31],[130.0,32.31],[129.99,32.31],[129.99,32.32],[129.98,32.33],[129.98,32.34],[129.97,32.35],[129.99,32.38],[130.0,32.4],[130.0,32.41],[130.0,32.42],[130.02,32.45],[130.04,32.48],[130.05,32.49],[130.04,32.51],[130.03,32.52],[130.02,32.53],[130.04,32.53],[130.03,32.53],[130.04,32.52],[130.06,32.52],[130.09,32.53],[130.11,32.54],[130.12,32.55],[130.13,32.55],[130.16,32.55],[130.18,32.55],[130.19,32.54],[130.2,32.54],[130.19,32.52],[130.2,32.51],[130.19,32.5],[130.2,32.48],[130.2,32.47],[130.2,32.46],[130.2,32.45],[130.22,32.46],[130.23,32.46],[130.24,32.46],[130.25,32.48],[130.26,32.48],[130.28,32.48],[130.28,32.49],[130.29,32.49],[130.3,32.5],[130.32,32.52],[130.34,32.51],[130.35,32.52],[130.36,32.52],[130.37,32.52],[130.38,32.52],[130.38,32.51],[130.39,32.51],[130.39,32.5],[130.4,32.5],[130.4,32.51],[130.41,32.52],[130.42,32.52],[130.43,32.52],[130.44,32.53],[130.45,32.52],[130.46,32.53],[130.45,32.51],[130.44,32.49],[130.43,32.46],[130.41,32.44],[130.42,32.44],[130.41,32.44],[130.41,32.43],[130.42,32.43],[130.42,32.42],[130.4,32.43],[130.41,32.42],[130.4,32.41],[130.4,32.4],[130.39,32.39],[130.38,32.38],[130.37,32.39],[130.36,32.38],[130.35,32.38],[130.35,32.39],[130.35,32.4]]]]}},{"type":"Feature","properties":{"nam_ja":"香川県","id":37},"geometry":{"type":"MultiPolygon","coordinates":[[[[134.33,34.56],[134.35,34.56],[134.34,34.56],[134.35,34.56],[134.36,34.56],[134.35,34.55],[134.35,34.54],[134.36,34.53],[134.35,34.51],[134.35,34.5],[134.34,34.49],[134.35,34.48],[134.35,34.47],[134.34,34.45],[134.34,34.43],[134.33,34.45],[134.32,34.46],[134.31,34.46],[134.3,34.45],[134.28,34.44],[134.28,34.45],[134.28,34.46],[134.3,34.46],[134.31,34.46],[134.32,34.46],[134.31,34.48],[134.3,34.48],[134.28,34.47],[134.27,34.47],[134.26,34.45],[134.26,34.44],[134.25,34.43],[134.25,34.42],[134.24,34.42],[134.22,34.43],[134.23,34.43],[134.23,34.44],[134.24,34.46],[134.24,34.47],[134.23,34.47],[134.23,34.48],[134.21,34.48],[134.2,34.48],[134.19,34.48],[134.18,34.48],[134.17,34.47],[134.16,34.46],[134.15,34.47],[134.14,34.47],[134.16,34.49],[134.17,34.49],[134.18,34.49],[134.17,34.5],[134.16,34.51],[134.17,34.51],[134.17,34.53],[134.18,34.52],[134.19,34.52],[134.2,34.52],[134.21,34.52],[134.24,34.53],[134.26,34.54],[134.26,34.55],[134.27,34.55],[134.28,34.55],[134.29,34.55],[134.31,34.55],[134.33,34.56]]],[[[134.13,34.15],[134.13,34.13],[134.12,34.12],[134.09,34.11],[134.07,34.11],[134.06,34.12],[134.04,34.11],[134.03,34.09],[134.02,34.08],[134.01,34.09],[134.0,34.08],[134.0,34.07],[133.98,34.08],[133.97,34.08],[133.96,34.09],[133.94,34.1],[133.94,34.12],[133.92,34.11],[133.9,34.1],[133.87,34.1],[133.86,34.11],[133.84,34.09],[133.82,34.09],[133.82,34.07],[133.79,34.08],[133.78,34.08],[133.77,34.07],[133.76,34.06],[133.74,34.05],[133.73,34.04],[133.72,34.02],[133.7,34.02],[133.69,34.01],[133.68,34.02],[133.66,34.03],[133.64,34.03],[133.63,34.04],[133.62,34.03],[133.61,34.04],[133.6,34.04],[133.62,34.05],[133.63,34.07],[133.64,34.08],[133.63,34.08],[133.64,34.09],[133.64,34.1],[133.63,34.12],[133.63,34.13],[133.64,34.13],[133.64,34.15],[133.65,34.16],[133.64,34.18],[133.64,34.19],[133.63,34.2],[133.63,34.21],[133.62,34.21],[133.62,34.22],[133.61,34.22],[133.6,34.23],[133.58,34.24],[133.57,34.24],[133.58,34.25],[133.57,34.25],[133.57,34.26],[133.56,34.26],[133.58,34.26],[133.59,34.26],[133.61,34.25],[133.62,34.24],[133.63,34.24],[133.65,34.23],[133.67,34.25],[133.67,34.23],[133.68,34.24],[133.67,34.22],[133.69,34.23],[133.7,34.23],[133.71,34.24],[133.73,34.26],[133.73,34.27],[133.74,34.28],[133.74,34.27],[133.74,34.28],[133.75,34.28],[133.75,34.29],[133.75,34.28],[133.76,34.29],[133.77,34.29],[133.77,34.3],[133.78,34.3],[133.78,34.31],[133.79,34.3],[133.79,34.31],[133.8,34.31],[133.81,34.32],[133.82,34.32],[133.83,34.32],[133.82,34.34],[133.82,34.35],[133.84,34.36],[133.83,34.34],[133.85,34.36],[133.86,34.36],[133.85,34.34],[133.84,34.34],[133.83,34.33],[133.84,34.32],[133.85,34.33],[133.85,34.32],[133.86,34.33],[133.87,34.34],[133.88,34.34],[133.89,34.35],[133.89,34.36],[133.89,34.37],[133.9,34.38],[133.91,34.38],[133.92,34.38],[133.94,34.38],[133.96,34.38],[133.97,34.36],[133.97,34.37],[133.99,34.36],[134.0,34.35],[134.01,34.36],[134.02,34.35],[134.03,34.35],[134.04,34.35],[134.03,34.35],[134.04,34.35],[134.05,34.36],[134.05,34.35],[134.06,34.35],[134.06,34.36],[134.07,34.36],[134.07,34.35],[134.08,34.36],[134.08,34.35],[134.09,34.36],[134.09,34.38],[134.11,34.36],[134.12,34.36],[134.12,34.37],[134.12,34.38],[134.13,34.39],[134.12,34.39],[134.12,34.4],[134.13,34.4],[134.14,34.4],[134.16,34.38],[134.16,34.35],[134.15,34.35],[134.15,34.34],[134.17,34.33],[134.17,34.32],[134.18,34.33],[134.19,34.33],[134.19,34.34],[134.18,34.34],[134.18,34.35],[134.19,34.34],[134.2,34.34],[134.2,34.37],[134.21,34.37],[134.22,34.35],[134.22,34.34],[134.23,34.34],[134.25,34.35],[134.26,34.34],[134.27,34.34],[134.26,34.33],[134.26,34.31],[134.25,34.3],[134.27,34.28],[134.27,34.29],[134.29,34.28],[134.31,34.28],[134.32,34.27],[134.34,34.26],[134.34,34.25],[134.35,34.25],[134.36,34.25],[134.37,34.25],[134.37,34.26],[134.39,34.25],[134.4,34.24],[134.41,34.23],[134.41,34.22],[134.44,34.21],[134.44,34.19],[134.43,34.18],[134.43,34.17],[134.41,34.16],[134.39,34.16],[134.38,34.17],[134.37,34.17],[134.35,34.19],[134.33,34.18],[134.31,34.17],[134.3,34.17],[134.29,34.18],[134.27,34.18],[134.25,34.18],[134.23,34.18],[134.22,34.18],[134.2,34.17],[134.19,34.17],[134.18,34.18],[134.17,34.17],[134.16,34.17],[134.15,34.16],[134.13,34.15]]]]}},{"type":"Feature","properties":{"nam_ja":"愛知県","id":23},"geometry":{"type":"MultiPolygon","coordinates":[[[[136.96,35.41],[136.98,35.42],[136.99,35.42],[136.98,35.4],[136.99,35.39],[137.0,35.39],[137.01,35.38],[137.03,35.38],[137.05,35.37],[137.05,35.35],[137.05,35.33],[137.06,35.34],[137.07,35.33],[137.07,35.31],[137.08,35.3],[137.09,35.29],[137.1,35.3],[137.12,35.3],[137.13,35.29],[137.15,35.28],[137.17,35.28],[137.18,35.27],[137.18,35.26],[137.19,35.25],[137.2,35.25],[137.2,35.26],[137.21,35.26],[137.22,35.26],[137.23,35.26],[137.24,35.27],[137.25,35.27],[137.26,35.28],[137.27,35.29],[137.28,35.29],[137.3,35.29],[137.31,35.29],[137.33,35.28],[137.35,35.27],[137.34,35.26],[137.35,35.26],[137.37,35.26],[137.39,35.25],[137.39,35.24],[137.4,35.24],[137.41,35.23],[137.43,35.22],[137.44,35.23],[137.45,35.24],[137.47,35.25],[137.48,35.26],[137.5,35.26],[137.51,35.26],[137.51,35.27],[137.52,35.28],[137.53,35.28],[137.55,35.28],[137.56,35.29],[137.57,35.28],[137.56,35.26],[137.55,35.25],[137.57,35.23],[137.58,35.21],[137.59,35.2],[137.61,35.21],[137.62,35.21],[137.64,35.21],[137.65,35.22],[137.67,35.23],[137.68,35.23],[137.7,35.23],[137.71,35.23],[137.72,35.22],[137.74,35.22],[137.75,35.22],[137.77,35.22],[137.77,35.21],[137.78,35.2],[137.8,35.2],[137.84,35.21],[137.83,35.21],[137.82,35.2],[137.81,35.19],[137.81,35.17],[137.83,35.17],[137.83,35.15],[137.81,35.14],[137.8,35.13],[137.79,35.13],[137.8,35.11],[137.79,35.1],[137.78,35.1],[137.77,35.08],[137.76,35.07],[137.75,35.06],[137.73,35.04],[137.72,35.04],[137.71,35.02],[137.7,35],[137.7,34.99],[137.7,34.97],[137.69,34.96],[137.68,34.95],[137.66,34.95],[137.65,34.92],[137.65,34.91],[137.64,34.9],[137.63,34.89],[137.62,34.88],[137.61,34.88],[137.59,34.86],[137.57,34.85],[137.55,34.85],[137.54,34.84],[137.52,34.84],[137.5,34.83],[137.49,34.82],[137.49,34.8],[137.49,34.78],[137.48,34.77],[137.47,34.75],[137.48,34.73],[137.49,34.72],[137.48,34.68],[137.45,34.67],[137.34,34.65],[137.25,34.62],[137.19,34.61],[137.12,34.59],[137.11,34.59],[137.04,34.58],[137.02,34.58],[137.03,34.6],[137.07,34.66],[137.09,34.65],[137.1,34.65],[137.1,34.63],[137.12,34.64],[137.14,34.65],[137.13,34.66],[137.16,34.65],[137.19,34.67],[137.21,34.68],[137.23,34.68],[137.24,34.69],[137.25,34.69],[137.25,34.7],[137.25,34.71],[137.26,34.7],[137.28,34.73],[137.29,34.69],[137.28,34.68],[137.29,34.68],[137.31,34.68],[137.31,34.7],[137.32,34.7],[137.31,34.7],[137.31,34.72],[137.33,34.72],[137.34,34.72],[137.34,34.73],[137.32,34.73],[137.32,34.77],[137.32,34.79],[137.3,34.81],[137.29,34.8],[137.28,34.81],[137.27,34.81],[137.27,34.8],[137.25,34.81],[137.23,34.82],[137.22,34.82],[137.21,34.82],[137.2,34.81],[137.19,34.81],[137.19,34.79],[137.19,34.78],[137.17,34.77],[137.18,34.78],[137.17,34.79],[137.16,34.79],[137.15,34.78],[137.14,34.79],[137.13,34.79],[137.12,34.79],[137.11,34.79],[137.1,34.79],[137.09,34.78],[137.07,34.79],[137.05,34.78],[137.03,34.78],[137.01,34.79],[137.02,34.79],[137.0,34.8],[137.0,34.82],[136.98,34.82],[136.97,34.82],[136.96,34.83],[136.95,34.83],[136.96,34.83],[136.96,34.84],[136.95,34.84],[136.95,34.85],[136.97,34.87],[136.98,34.88],[136.98,34.89],[136.98,34.9],[136.98,34.92],[136.98,34.93],[136.98,34.96],[136.98,34.94],[136.98,34.93],[136.97,34.92],[136.97,34.91],[136.97,34.9],[136.96,34.88],[136.96,34.87],[136.94,34.88],[136.93,34.87],[136.95,34.87],[136.94,34.86],[136.93,34.86],[136.94,34.86],[136.93,34.85],[136.93,34.83],[136.92,34.83],[136.92,34.81],[136.92,34.8],[136.92,34.77],[136.94,34.75],[136.96,34.73],[136.96,34.72],[136.97,34.72],[136.97,34.71],[136.97,34.7],[136.95,34.7],[136.94,34.7],[136.94,34.71],[136.93,34.7],[136.92,34.71],[136.91,34.71],[136.89,34.72],[136.87,34.74],[136.85,34.75],[136.84,34.76],[136.86,34.8],[136.87,34.84],[136.86,34.86],[136.84,34.88],[136.83,34.87],[136.83,34.88],[136.82,34.88],[136.82,34.89],[136.82,34.9],[136.82,34.91],[136.82,34.93],[136.83,34.96],[136.84,34.98],[136.84,34.99],[136.85,35.0],[136.84,35.0],[136.85,35.01],[136.87,35.01],[136.86,35.01],[136.87,35.05],[136.87,35.06],[136.87,35.07],[136.88,35.07],[136.89,35.07],[136.89,35.08],[136.9,35.08],[136.89,35.09],[136.88,35.09],[136.87,35.09],[136.87,35.08],[136.86,35.08],[136.86,35.07],[136.85,35.07],[136.86,35.07],[136.85,35.06],[136.85,35.05],[136.84,35.04],[136.85,35.03],[136.85,35.06],[136.85,35.08],[136.83,35.08],[136.82,35.07],[136.82,35.06],[136.83,35.06],[136.84,35.03],[136.81,35.05],[136.8,35.04],[136.78,35.03],[136.79,35.02],[136.77,35.02],[136.76,35.03],[136.75,35.08],[136.73,35.09],[136.71,35.1],[136.68,35.13],[136.67,35.16],[136.68,35.2],[136.68,35.25],[136.7,35.28],[136.74,35.32],[136.75,35.34],[136.77,35.37],[136.79,35.37],[136.81,35.36],[136.86,35.37],[136.89,35.38],[136.92,35.38],[136.96,35.41]]]]}},{"type":"Feature","properties":{"nam_ja":"栃木県","id":9},"geometry":{"type":"MultiPolygon","coordinates":[[[[139.96,37.15],[139.97,37.15],[140.0,37.14],[140.01,37.14],[140.03,37.14],[140.05,37.14],[140.06,37.13],[140.1,37.12],[140.12,37.11],[140.14,37.1],[140.15,37.09],[140.16,37.09],[140.17,37.08],[140.18,37.07],[140.19,37.06],[140.2,37.05],[140.2,37.03],[140.21,37.02],[140.22,37.02],[140.24,37.02],[140.25,37.02],[140.25,37.01],[140.24,37.0],[140.25,36.99],[140.25,36.98],[140.25,36.97],[140.25,36.96],[140.24,36.95],[140.25,36.94],[140.26,36.93],[140.25,36.93],[140.25,36.91],[140.25,36.89],[140.26,36.87],[140.26,36.85],[140.26,36.84],[140.27,36.81],[140.27,36.79],[140.26,36.79],[140.25,36.77],[140.26,36.76],[140.26,36.75],[140.29,36.72],[140.28,36.71],[140.27,36.71],[140.26,36.7],[140.24,36.7],[140.23,36.7],[140.22,36.68],[140.23,36.66],[140.24,36.65],[140.24,36.64],[140.23,36.62],[140.25,36.62],[140.25,36.6],[140.24,36.58],[140.25,36.57],[140.25,36.56],[140.25,36.55],[140.25,36.52],[140.25,36.51],[140.24,36.5],[140.23,36.5],[140.23,36.49],[140.22,36.48],[140.21,36.47],[140.21,36.45],[140.2,36.43],[140.19,36.4],[140.18,36.4],[140.14,36.41],[140.12,36.41],[140.11,36.4],[140.1,36.4],[140.08,36.4],[140.07,36.39],[140.04,36.38],[140.03,36.38],[140.02,36.38],[140.01,36.37],[140.0,36.37],[139.99,36.37],[139.98,36.37],[139.97,36.38],[139.96,36.35],[139.94,36.35],[139.92,36.34],[139.91,36.33],[139.91,36.3],[139.9,36.3],[139.89,36.31],[139.88,36.31],[139.87,36.32],[139.87,36.31],[139.86,36.31],[139.84,36.28],[139.83,36.25],[139.79,36.23],[139.73,36.2],[139.72,36.21],[139.71,36.21],[139.71,36.2],[139.7,36.21],[139.69,36.2],[139.68,36.2],[139.67,36.21],[139.66,36.22],[139.66,36.23],[139.65,36.24],[139.64,36.24],[139.64,36.26],[139.62,36.27],[139.59,36.27],[139.57,36.27],[139.56,36.28],[139.55,36.28],[139.54,36.28],[139.53,36.28],[139.51,36.28],[139.5,36.28],[139.49,36.28],[139.48,36.28],[139.46,36.27],[139.46,36.28],[139.47,36.28],[139.44,36.29],[139.43,36.3],[139.43,36.31],[139.42,36.32],[139.43,36.33],[139.39,36.35],[139.37,36.37],[139.37,36.38],[139.37,36.4],[139.38,36.42],[139.39,36.42],[139.4,36.44],[139.41,36.45],[139.41,36.46],[139.42,36.46],[139.43,36.46],[139.43,36.47],[139.43,36.49],[139.42,36.49],[139.42,36.51],[139.43,36.52],[139.43,36.53],[139.44,36.55],[139.46,36.55],[139.47,36.57],[139.48,36.59],[139.47,36.6],[139.45,36.6],[139.44,36.61],[139.43,36.6],[139.4,36.61],[139.39,36.61],[139.37,36.61],[139.35,36.62],[139.33,36.63],[139.33,36.65],[139.33,36.66],[139.33,36.67],[139.34,36.68],[139.35,36.71],[139.36,36.72],[139.37,36.73],[139.37,36.75],[139.35,36.75],[139.35,36.77],[139.36,36.78],[139.37,36.78],[139.38,36.79],[139.38,36.8],[139.39,36.81],[139.4,36.82],[139.4,36.83],[139.38,36.84],[139.37,36.84],[139.36,36.85],[139.36,36.87],[139.36,36.88],[139.37,36.88],[139.37,36.89],[139.4,36.91],[139.41,36.93],[139.43,36.92],[139.43,36.94],[139.44,36.95],[139.46,36.96],[139.48,36.97],[139.5,36.97],[139.53,36.98],[139.54,36.98],[139.55,36.99],[139.57,37.0],[139.58,37.02],[139.6,37.02],[139.62,37.02],[139.62,37.03],[139.64,37.03],[139.66,37.04],[139.67,37.05],[139.68,37.06],[139.71,37.06],[139.72,37.07],[139.73,37.07],[139.75,37.07],[139.77,37.09],[139.79,37.09],[139.82,37.09],[139.82,37.1],[139.82,37.12],[139.83,37.13],[139.84,37.13],[139.86,37.14],[139.88,37.15],[139.91,37.15],[139.93,37.15],[139.95,37.15],[139.96,37.15]]]]}},{"type":"Feature","properties":{"nam_ja":"山梨県","id":19},"geometry":{"type":"MultiPolygon","coordinates":[[[[138.37,35.97],[138.38,35.97],[138.4,35.96],[138.44,35.95],[138.45,35.93],[138.45,35.92],[138.45,35.9],[138.47,35.9],[138.49,35.9],[138.5,35.91],[138.51,35.92],[138.53,35.91],[138.54,35.91],[138.56,35.92],[138.57,35.91],[138.59,35.92],[138.6,35.91],[138.61,35.91],[138.61,35.88],[138.62,35.87],[138.64,35.87],[138.66,35.87],[138.67,35.87],[138.69,35.89],[138.7,35.9],[138.71,35.91],[138.73,35.91],[138.74,35.91],[138.76,35.9],[138.79,35.89],[138.8,35.87],[138.82,35.87],[138.84,35.87],[138.86,35.86],[138.87,35.85],[138.89,35.84],[138.91,35.85],[138.94,35.85],[138.95,35.84],[138.97,35.82],[138.97,35.8],[138.98,35.78],[138.99,35.76],[139.0,35.75],[139.01,35.74],[139.03,35.72],[139.05,35.71],[139.07,35.7],[139.08,35.69],[139.11,35.69],[139.13,35.67],[139.12,35.66],[139.13,35.64],[139.12,35.62],[139.13,35.62],[139.13,35.59],[139.12,35.59],[139.12,35.58],[139.13,35.58],[139.12,35.56],[139.11,35.55],[139.11,35.53],[139.09,35.52],[139.07,35.51],[139.06,35.51],[139.04,35.5],[139.03,35.49],[139.02,35.48],[139.01,35.47],[139.0,35.47],[138.99,35.47],[138.98,35.47],[138.97,35.46],[138.94,35.45],[138.93,35.43],[138.93,35.42],[138.92,35.4],[138.9,35.39],[138.88,35.39],[138.86,35.39],[138.85,35.39],[138.82,35.37],[138.79,35.37],[138.73,35.36],[138.7,35.36],[138.67,35.39],[138.62,35.4],[138.6,35.43],[138.58,35.45],[138.57,35.44],[138.55,35.42],[138.53,35.41],[138.54,35.39],[138.53,35.36],[138.53,35.34],[138.53,35.32],[138.52,35.3],[138.52,35.27],[138.52,35.25],[138.53,35.22],[138.53,35.2],[138.52,35.2],[138.51,35.2],[138.51,35.19],[138.5,35.17],[138.49,35.17],[138.48,35.17],[138.46,35.18],[138.44,35.18],[138.41,35.2],[138.39,35.22],[138.39,35.25],[138.37,35.27],[138.37,35.28],[138.37,35.3],[138.37,35.31],[138.35,35.32],[138.33,35.33],[138.3,35.32],[138.28,35.31],[138.26,35.32],[138.25,35.33],[138.26,35.34],[138.25,35.35],[138.24,35.37],[138.23,35.38],[138.25,35.39],[138.26,35.41],[138.26,35.44],[138.25,35.45],[138.25,35.47],[138.26,35.5],[138.26,35.53],[138.26,35.54],[138.25,35.56],[138.24,35.57],[138.24,35.59],[138.24,35.61],[138.23,35.63],[138.22,35.64],[138.21,35.66],[138.19,35.68],[138.19,35.7],[138.19,35.72],[138.2,35.73],[138.23,35.75],[138.24,35.76],[138.22,35.77],[138.2,35.78],[138.19,35.79],[138.19,35.81],[138.2,35.81],[138.2,35.83],[138.22,35.85],[138.24,35.88],[138.26,35.88],[138.28,35.86],[138.32,35.9],[138.34,35.93],[138.36,35.95],[138.36,35.96],[138.37,35.97]]]]}},{"type":"Feature","properties":{"nam_ja":"滋賀県","id":25},"geometry":{"type":"MultiPolygon","coordinates":[[[[136.15,35.7],[136.17,35.7],[136.19,35.7],[136.2,35.69],[136.21,35.68],[136.23,35.68],[136.25,35.68],[136.26,35.67],[136.28,35.66],[136.28,35.64],[136.29,35.63],[136.3,35.62],[136.32,35.62],[136.32,35.61],[136.32,35.58],[136.32,35.55],[136.33,35.55],[136.34,35.55],[136.35,35.54],[136.36,35.56],[136.37,35.55],[136.38,35.53],[136.4,35.53],[136.4,35.51],[136.39,35.51],[136.39,35.49],[136.4,35.47],[136.42,35.47],[136.42,35.44],[136.42,35.43],[136.41,35.42],[136.43,35.4],[136.44,35.39],[136.42,35.37],[136.41,35.37],[136.41,35.36],[136.41,35.35],[136.42,35.35],[136.41,35.33],[136.41,35.31],[136.4,35.3],[136.39,35.29],[136.39,35.26],[136.38,35.25],[136.39,35.23],[136.4,35.23],[136.41,35.22],[136.42,35.2],[136.41,35.19],[136.42,35.18],[136.44,35.17],[136.45,35.17],[136.45,35.15],[136.44,35.14],[136.44,35.13],[136.44,35.11],[136.44,35.1],[136.44,35.09],[136.44,35.07],[136.43,35.06],[136.42,35.05],[136.42,35.03],[136.42,35.02],[136.42,35.01],[136.42,35.0],[136.41,34.98],[136.4,34.96],[136.39,34.95],[136.37,34.94],[136.37,34.93],[136.37,34.92],[136.37,34.91],[136.36,34.9],[136.35,34.9],[136.32,34.89],[136.31,34.88],[136.29,34.87],[136.28,34.87],[136.27,34.86],[136.24,34.86],[136.23,34.86],[136.22,34.86],[136.21,34.87],[136.19,34.87],[136.19,34.88],[136.18,34.88],[136.18,34.89],[136.16,34.89],[136.15,34.88],[136.13,34.88],[136.12,34.89],[136.11,34.9],[136.1,34.89],[136.09,34.89],[136.09,34.88],[136.1,34.87],[136.12,34.87],[136.13,34.87],[136.12,34.86],[136.11,34.85],[136.1,34.84],[136.09,34.84],[136.09,34.82],[136.09,34.81],[136.08,34.81],[136.06,34.8],[136.05,34.8],[136.04,34.8],[136.03,34.79],[136.02,34.79],[136.01,34.8],[136.03,34.81],[136.02,34.83],[136.01,34.83],[136.01,34.84],[136.0,34.84],[135.98,34.84],[135.97,34.85],[135.96,34.85],[135.95,34.85],[135.94,34.87],[135.94,34.89],[135.93,34.89],[135.92,34.88],[135.91,34.87],[135.89,34.88],[135.87,34.89],[135.87,34.91],[135.87,34.93],[135.88,34.95],[135.87,34.96],[135.86,34.97],[135.86,34.98],[135.85,34.99],[135.83,35],[135.84,35.0],[135.83,35.01],[135.82,35.01],[135.83,35.02],[135.82,35.04],[135.82,35.05],[135.83,35.05],[135.84,35.08],[135.84,35.09],[135.85,35.11],[135.85,35.13],[135.85,35.15],[135.85,35.16],[135.84,35.18],[135.84,35.2],[135.83,35.22],[135.83,35.24],[135.84,35.25],[135.84,35.26],[135.86,35.28],[135.85,35.29],[135.84,35.28],[135.83,35.28],[135.82,35.3],[135.81,35.31],[135.79,35.32],[135.79,35.33],[135.78,35.34],[135.77,35.35],[135.78,35.37],[135.79,35.38],[135.8,35.39],[135.81,35.4],[135.82,35.41],[135.84,35.41],[135.85,35.41],[135.87,35.4],[135.89,35.4],[135.89,35.42],[135.91,35.43],[135.91,35.45],[135.92,35.48],[135.92,35.49],[135.94,35.52],[135.95,35.51],[135.96,35.5],[135.97,35.5],[135.99,35.49],[136.01,35.49],[136.02,35.51],[136.03,35.52],[136.05,35.53],[136.06,35.53],[136.08,35.53],[136.09,35.54],[136.11,35.53],[136.11,35.55],[136.11,35.57],[136.12,35.58],[136.13,35.58],[136.15,35.57],[136.16,35.57],[136.17,35.58],[136.18,35.6],[136.16,35.63],[136.15,35.65],[136.15,35.66],[136.14,35.68],[136.15,35.7]]]]}},{"type":"Feature","properties":{"nam_ja":"群馬県","id":10},"geometry":{"type":"MultiPolygon","coordinates":[[[[138.64,36.41],[138.63,36.42],[138.61,36.42],[138.59,36.42],[138.57,36.42],[138.56,36.42],[138.53,36.4],[138.5,36.41],[138.49,36.41],[138.46,36.4],[138.46,36.42],[138.45,36.42],[138.4,36.43],[138.4,36.45],[138.4,36.46],[138.4,36.48],[138.41,36.51],[138.41,36.53],[138.42,36.54],[138.43,36.56],[138.42,36.58],[138.43,36.6],[138.44,36.61],[138.45,36.61],[138.46,36.64],[138.48,36.65],[138.5,36.64],[138.51,36.65],[138.53,36.66],[138.52,36.68],[138.51,36.69],[138.53,36.7],[138.54,36.7],[138.57,36.71],[138.59,36.71],[138.6,36.71],[138.62,36.72],[138.64,36.72],[138.66,36.73],[138.67,36.73],[138.7,36.74],[138.71,36.74],[138.72,36.76],[138.74,36.76],[138.76,36.75],[138.77,36.75],[138.78,36.75],[138.79,36.75],[138.8,36.76],[138.82,36.76],[138.83,36.78],[138.83,36.8],[138.83,36.82],[138.85,36.81],[138.87,36.82],[138.88,36.82],[138.9,36.83],[138.93,36.84],[138.92,36.85],[138.92,36.88],[138.94,36.9],[138.97,36.89],[138.98,36.9],[138.97,36.93],[138.97,36.97],[138.99,36.98],[139.0,36.98],[139.03,36.98],[139.05,36.99],[139.07,37.01],[139.09,37.02],[139.09,37.04],[139.11,37.05],[139.12,37.04],[139.14,37.02],[139.17,37.0],[139.18,36.97],[139.19,36.96],[139.21,36.96],[139.23,36.96],[139.23,36.94],[139.24,36.93],[139.27,36.94],[139.29,36.93],[139.32,36.93],[139.35,36.93],[139.35,36.91],[139.36,36.92],[139.38,36.92],[139.4,36.91],[139.37,36.89],[139.37,36.88],[139.36,36.88],[139.36,36.87],[139.36,36.85],[139.37,36.84],[139.38,36.84],[139.4,36.83],[139.4,36.82],[139.39,36.81],[139.38,36.8],[139.38,36.79],[139.37,36.78],[139.36,36.78],[139.35,36.77],[139.35,36.75],[139.37,36.75],[139.37,36.73],[139.36,36.72],[139.35,36.71],[139.34,36.68],[139.33,36.67],[139.33,36.66],[139.33,36.65],[139.33,36.63],[139.35,36.62],[139.37,36.61],[139.39,36.61],[139.4,36.61],[139.43,36.6],[139.44,36.61],[139.45,36.6],[139.47,36.6],[139.48,36.59],[139.47,36.57],[139.46,36.55],[139.44,36.55],[139.43,36.53],[139.43,36.52],[139.42,36.51],[139.42,36.49],[139.43,36.49],[139.43,36.47],[139.43,36.46],[139.42,36.46],[139.41,36.46],[139.41,36.45],[139.4,36.44],[139.39,36.42],[139.38,36.42],[139.37,36.4],[139.37,36.38],[139.37,36.37],[139.39,36.35],[139.43,36.33],[139.42,36.32],[139.43,36.31],[139.43,36.3],[139.44,36.29],[139.47,36.28],[139.46,36.28],[139.46,36.27],[139.48,36.28],[139.49,36.28],[139.5,36.28],[139.51,36.28],[139.53,36.28],[139.54,36.28],[139.55,36.28],[139.56,36.28],[139.57,36.27],[139.59,36.27],[139.62,36.27],[139.64,36.26],[139.64,36.24],[139.65,36.24],[139.66,36.23],[139.66,36.22],[139.67,36.21],[139.66,36.21],[139.65,36.21],[139.64,36.2],[139.62,36.19],[139.59,36.21],[139.54,36.2],[139.5,36.19],[139.47,36.19],[139.43,36.21],[139.42,36.22],[139.38,36.24],[139.37,36.25],[139.35,36.25],[139.34,36.24],[139.33,36.23],[139.31,36.24],[139.3,36.24],[139.27,36.24],[139.25,36.24],[139.23,36.25],[139.21,36.26],[139.17,36.27],[139.16,36.28],[139.12,36.27],[139.11,36.26],[139.08,36.22],[139.06,36.18],[139.06,36.16],[139.06,36.15],[139.04,36.15],[139.04,36.13],[139.02,36.13],[139.0,36.13],[138.99,36.12],[138.98,36.12],[138.96,36.12],[138.96,36.11],[138.94,36.09],[138.91,36.09],[138.89,36.09],[138.87,36.08],[138.85,36.07],[138.84,36.05],[138.83,36.04],[138.81,36.03],[138.78,36.03],[138.77,36.04],[138.75,36.03],[138.74,36.01],[138.74,36.0],[138.71,35.99],[138.69,35.99],[138.68,36.0],[138.68,36.01],[138.66,36.02],[138.64,36.03],[138.64,36.04],[138.64,36.07],[138.63,36.09],[138.65,36.1],[138.65,36.11],[138.65,36.12],[138.64,36.12],[138.62,36.13],[138.61,36.14],[138.6,36.14],[138.59,36.16],[138.58,36.17],[138.58,36.18],[138.59,36.18],[138.59,36.17],[138.61,36.16],[138.62,36.17],[138.63,36.17],[138.63,36.18],[138.63,36.21],[138.63,36.22],[138.61,36.23],[138.6,36.25],[138.61,36.27],[138.61,36.28],[138.63,36.29],[138.64,36.29],[138.65,36.3],[138.65,36.32],[138.65,36.34],[138.65,36.36],[138.65,36.38],[138.65,36.41],[138.64,36.41]]]]}},{"type":"Feature","properties":{"nam_ja":"宮城県","id":4},"geometry":{"type":"MultiPolygon","coordinates":[[[[141.48,38.98],[141.49,39.0],[141.51,39.0],[141.52,39.0],[141.55,39.0],[141.57,39.0],[141.59,38.99],[141.63,38.97],[141.64,38.96],[141.64,38.95],[141.64,38.94],[141.65,38.94],[141.64,38.93],[141.65,38.92],[141.65,38.91],[141.66,38.9],[141.67,38.9],[141.67,38.89],[141.66,38.89],[141.67,38.88],[141.67,38.87],[141.67,38.86],[141.66,38.86],[141.66,38.87],[141.65,38.87],[141.65,38.88],[141.64,38.89],[141.63,38.9],[141.62,38.9],[141.63,38.89],[141.62,38.89],[141.61,38.89],[141.61,38.88],[141.6,38.89],[141.59,38.91],[141.58,38.91],[141.59,38.89],[141.59,38.87],[141.59,38.84],[141.6,38.83],[141.59,38.82],[141.58,38.82],[141.57,38.81],[141.56,38.81],[141.56,38.8],[141.55,38.8],[141.54,38.8],[141.53,38.79],[141.52,38.77],[141.52,38.76],[141.53,38.76],[141.53,38.75],[141.54,38.75],[141.54,38.74],[141.55,38.74],[141.56,38.74],[141.57,38.73],[141.56,38.72],[141.57,38.71],[141.56,38.7],[141.56,38.69],[141.56,38.7],[141.55,38.71],[141.54,38.71],[141.53,38.72],[141.52,38.71],[141.52,38.7],[141.51,38.69],[141.5,38.7],[141.49,38.69],[141.5,38.68],[141.49,38.67],[141.49,38.68],[141.48,38.68],[141.47,38.67],[141.45,38.67],[141.44,38.67],[141.45,38.66],[141.44,38.64],[141.46,38.64],[141.48,38.65],[141.49,38.64],[141.5,38.64],[141.51,38.64],[141.52,38.64],[141.53,38.63],[141.53,38.61],[141.52,38.6],[141.51,38.6],[141.5,38.6],[141.5,38.59],[141.49,38.59],[141.48,38.58],[141.47,38.58],[141.46,38.58],[141.47,38.56],[141.48,38.56],[141.48,38.55],[141.49,38.54],[141.5,38.53],[141.51,38.53],[141.51,38.54],[141.52,38.54],[141.53,38.55],[141.53,38.54],[141.54,38.53],[141.55,38.52],[141.54,38.51],[141.54,38.5],[141.54,38.49],[141.53,38.49],[141.52,38.49],[141.51,38.5],[141.51,38.51],[141.5,38.51],[141.49,38.51],[141.48,38.52],[141.46,38.51],[141.49,38.51],[141.49,38.5],[141.5,38.5],[141.49,38.49],[141.5,38.48],[141.49,38.47],[141.48,38.46],[141.49,38.46],[141.5,38.46],[141.49,38.45],[141.5,38.45],[141.51,38.45],[141.5,38.44],[141.49,38.44],[141.48,38.44],[141.46,38.44],[141.45,38.45],[141.45,38.44],[141.46,38.43],[141.47,38.43],[141.47,38.42],[141.47,38.41],[141.47,38.4],[141.47,38.39],[141.48,38.4],[141.49,38.41],[141.5,38.41],[141.5,38.4],[141.51,38.4],[141.52,38.39],[141.53,38.4],[141.54,38.4],[141.54,38.39],[141.53,38.38],[141.52,38.39],[141.51,38.39],[141.5,38.38],[141.49,38.38],[141.48,38.38],[141.49,38.37],[141.5,38.37],[141.51,38.37],[141.52,38.36],[141.53,38.34],[141.53,38.33],[141.53,38.32],[141.54,38.32],[141.53,38.3],[141.53,38.29],[141.53,38.28],[141.52,38.27],[141.51,38.28],[141.51,38.29],[141.5,38.29],[141.49,38.3],[141.49,38.31],[141.48,38.31],[141.47,38.31],[141.47,38.32],[141.47,38.31],[141.46,38.31],[141.46,38.32],[141.47,38.33],[141.46,38.34],[141.46,38.35],[141.45,38.34],[141.45,38.35],[141.44,38.35],[141.43,38.34],[141.43,38.35],[141.42,38.35],[141.42,38.36],[141.43,38.36],[141.44,38.37],[141.46,38.37],[141.46,38.38],[141.44,38.38],[141.43,38.37],[141.44,38.38],[141.43,38.38],[141.43,38.4],[141.42,38.4],[141.41,38.4],[141.4,38.4],[141.39,38.39],[141.38,38.38],[141.37,38.38],[141.37,38.39],[141.37,38.41],[141.36,38.41],[141.33,38.41],[141.31,38.41],[141.27,38.41],[141.29,38.42],[141.27,38.42],[141.27,38.41],[141.25,38.41],[141.21,38.39],[141.16,38.37],[141.16,38.35],[141.16,38.34],[141.16,38.35],[141.17,38.35],[141.16,38.35],[141.17,38.34],[141.17,38.33],[141.18,38.32],[141.17,38.32],[141.17,38.33],[141.16,38.33],[141.15,38.33],[141.14,38.33],[141.14,38.32],[141.14,38.33],[141.13,38.33],[141.13,38.34],[141.14,38.34],[141.14,38.35],[141.15,38.36],[141.13,38.36],[141.13,38.38],[141.12,38.38],[141.11,38.38],[141.12,38.38],[141.11,38.38],[141.1,38.37],[141.1,38.38],[141.09,38.38],[141.08,38.38],[141.07,38.37],[141.06,38.36],[141.06,38.35],[141.05,38.35],[141.04,38.35],[141.04,38.34],[141.05,38.34],[141.04,38.32],[141.03,38.32],[141.04,38.32],[141.04,38.31],[141.05,38.31],[141.06,38.32],[141.08,38.32],[141.09,38.3],[141.07,38.3],[141.06,38.28],[141.05,38.28],[141.04,38.27],[141.03,38.28],[141.02,38.27],[141.0,38.27],[141.02,38.27],[141.03,38.27],[141.02,38.27],[141.0,38.23],[140.97,38.18],[140.96,38.17],[140.92,38.05],[140.91,37.99],[140.93,37.9],[140.92,37.9],[140.9,37.9],[140.88,37.9],[140.86,37.89],[140.86,37.88],[140.86,37.87],[140.85,37.85],[140.85,37.83],[140.86,37.83],[140.86,37.81],[140.85,37.8],[140.83,37.8],[140.8,37.8],[140.78,37.81],[140.77,37.8],[140.77,37.79],[140.78,37.79],[140.8,37.78],[140.79,37.77],[140.75,37.79],[140.74,37.79],[140.72,37.79],[140.69,37.8],[140.69,37.81],[140.68,37.83],[140.69,37.85],[140.69,37.86],[140.68,37.87],[140.69,37.89],[140.65,37.9],[140.62,37.91],[140.61,37.92],[140.6,37.91],[140.59,37.91],[140.58,37.91],[140.57,37.92],[140.56,37.92],[140.55,37.91],[140.53,37.91],[140.52,37.9],[140.5,37.9],[140.48,37.9],[140.47,37.92],[140.48,37.95],[140.46,37.95],[140.44,37.96],[140.42,37.96],[140.4,37.97],[140.37,37.96],[140.36,37.96],[140.35,37.95],[140.33,37.95],[140.31,37.96],[140.29,37.97],[140.28,37.98],[140.29,38.01],[140.28,38.03],[140.28,38.04],[140.28,38.06],[140.29,38.06],[140.3,38.05],[140.32,38.06],[140.33,38.06],[140.34,38.05],[140.36,38.06],[140.38,38.06],[140.39,38.07],[140.4,38.07],[140.42,38.1],[140.43,38.13],[140.44,38.14],[140.45,38.15],[140.47,38.16],[140.48,38.19],[140.47,38.21],[140.47,38.23],[140.47,38.24],[140.47,38.26],[140.48,38.27],[140.5,38.28],[140.49,38.3],[140.5,38.31],[140.52,38.31],[140.53,38.32],[140.52,38.35],[140.54,38.36],[140.55,38.37],[140.57,38.38],[140.57,38.4],[140.58,38.43],[140.59,38.44],[140.61,38.44],[140.62,38.45],[140.61,38.46],[140.6,38.48],[140.59,38.49],[140.57,38.5],[140.56,38.51],[140.57,38.53],[140.56,38.53],[140.56,38.54],[140.57,38.56],[140.58,38.57],[140.57,38.59],[140.56,38.6],[140.56,38.61],[140.54,38.62],[140.54,38.64],[140.56,38.65],[140.57,38.64],[140.59,38.63],[140.6,38.65],[140.61,38.66],[140.62,38.67],[140.62,38.68],[140.62,38.69],[140.62,38.7],[140.61,38.71],[140.62,38.73],[140.62,38.74],[140.63,38.74],[140.63,38.75],[140.65,38.77],[140.63,38.77],[140.61,38.78],[140.6,38.79],[140.6,38.81],[140.6,38.83],[140.59,38.84],[140.58,38.84],[140.56,38.86],[140.54,38.87],[140.55,38.88],[140.57,38.88],[140.59,38.88],[140.6,38.89],[140.61,38.89],[140.63,38.89],[140.65,38.89],[140.67,38.9],[140.68,38.91],[140.7,38.92],[140.71,38.92],[140.72,38.93],[140.73,38.94],[140.74,38.95],[140.76,38.96],[140.77,38.96],[140.79,38.96],[140.83,38.96],[140.86,38.94],[140.88,38.93],[140.89,38.93],[140.91,38.93],[140.92,38.92],[140.93,38.92],[140.95,38.91],[140.96,38.91],[140.97,38.9],[140.97,38.89],[140.98,38.88],[140.99,38.88],[141.0,38.88],[141.01,38.88],[141.03,38.88],[141.04,38.88],[141.06,38.88],[141.08,38.88],[141.09,38.89],[141.1,38.88],[141.12,38.88],[141.14,38.88],[141.15,38.86],[141.12,38.84],[141.11,38.84],[141.1,38.83],[141.12,38.82],[141.13,38.82],[141.14,38.81],[141.15,38.78],[141.16,38.78],[141.17,38.78],[141.18,38.78],[141.2,38.77],[141.21,38.75],[141.24,38.75],[141.24,38.76],[141.26,38.76],[141.26,38.78],[141.27,38.79],[141.28,38.79],[141.29,38.8],[141.3,38.8],[141.31,38.82],[141.33,38.82],[141.34,38.81],[141.35,38.81],[141.37,38.81],[141.39,38.8],[141.4,38.79],[141.41,38.79],[141.41,38.77],[141.42,38.77],[141.43,38.78],[141.44,38.79],[141.44,38.8],[141.43,38.81],[141.45,38.81],[141.45,38.82],[141.46,38.85],[141.45,38.86],[141.46,38.88],[141.47,38.9],[141.49,38.92],[141.49,38.94],[141.49,38.96],[141.48,38.98]]]]}},{"type":"Feature","properties":{"nam_ja":"静岡県","id":22},"geometry":{"type":"MultiPolygon","coordinates":[[[[138.22,35.64],[138.23,35.63],[138.24,35.61],[138.24,35.59],[138.24,35.57],[138.25,35.56],[138.26,35.54],[138.26,35.53],[138.26,35.5],[138.25,35.47],[138.25,35.45],[138.26,35.44],[138.26,35.41],[138.25,35.39],[138.23,35.38],[138.24,35.37],[138.25,35.35],[138.26,35.34],[138.25,35.33],[138.26,35.32],[138.28,35.31],[138.3,35.32],[138.33,35.33],[138.35,35.32],[138.37,35.31],[138.37,35.3],[138.37,35.28],[138.37,35.27],[138.39,35.25],[138.39,35.22],[138.41,35.2],[138.44,35.18],[138.46,35.18],[138.48,35.17],[138.49,35.17],[138.5,35.17],[138.51,35.19],[138.51,35.2],[138.52,35.2],[138.53,35.2],[138.53,35.22],[138.52,35.25],[138.52,35.27],[138.52,35.3],[138.53,35.32],[138.53,35.34],[138.53,35.36],[138.54,35.39],[138.53,35.41],[138.55,35.42],[138.57,35.44],[138.58,35.45],[138.6,35.43],[138.62,35.4],[138.67,35.39],[138.7,35.36],[138.73,35.36],[138.79,35.37],[138.82,35.37],[138.85,35.39],[138.86,35.39],[138.88,35.39],[138.9,35.39],[138.92,35.4],[138.95,35.4],[138.97,35.4],[139.0,35.4],[139.0,35.38],[139.01,35.36],[139.01,35.34],[139.01,35.32],[139.01,35.29],[138.99,35.28],[138.98,35.26],[138.98,35.24],[138.98,35.23],[138.99,35.21],[138.99,35.2],[139.01,35.18],[139.02,35.18],[139.03,35.17],[139.03,35.16],[139.03,35.15],[139.05,35.15],[139.08,35.14],[139.11,35.14],[139.09,35.11],[139.08,35.1],[139.08,35.09],[139.08,35.07],[139.07,35.05],[139.09,35.04],[139.1,35.05],[139.1,35.01],[139.09,35.01],[139.08,35.0],[139.09,34.98],[139.11,34.97],[139.13,34.97],[139.13,34.96],[139.14,34.95],[139.15,34.95],[139.15,34.94],[139.15,34.93],[139.14,34.92],[139.14,34.9],[139.14,34.89],[139.13,34.89],[139.12,34.87],[139.11,34.87],[139.1,34.86],[139.09,34.86],[139.08,34.85],[139.08,34.83],[139.08,34.82],[139.06,34.8],[139.05,34.78],[139.05,34.77],[139.03,34.77],[139.02,34.75],[139.01,34.75],[139,34.74],[138.99,34.73],[138.99,34.72],[138.99,34.71],[138.98,34.7],[138.97,34.69],[138.98,34.68],[138.97,34.67],[138.98,34.67],[138.99,34.66],[138.98,34.66],[138.97,34.66],[138.96,34.65],[138.96,34.66],[138.96,34.68],[138.95,34.67],[138.95,34.66],[138.94,34.67],[138.94,34.66],[138.93,34.66],[138.92,34.65],[138.91,34.64],[138.9,34.63],[138.89,34.63],[138.89,34.62],[138.87,34.62],[138.86,34.62],[138.85,34.61],[138.84,34.61],[138.85,34.6],[138.84,34.6],[138.84,34.61],[138.83,34.61],[138.82,34.61],[138.81,34.62],[138.8,34.62],[138.79,34.63],[138.79,34.64],[138.78,34.64],[138.77,34.65],[138.78,34.66],[138.79,34.66],[138.78,34.67],[138.77,34.68],[138.75,34.69],[138.74,34.69],[138.74,34.7],[138.74,34.72],[138.74,34.73],[138.75,34.73],[138.76,34.73],[138.76,34.74],[138.76,34.75],[138.77,34.75],[138.78,34.76],[138.77,34.77],[138.77,34.78],[138.76,34.79],[138.76,34.8],[138.76,34.81],[138.76,34.83],[138.77,34.83],[138.76,34.83],[138.77,34.83],[138.76,34.84],[138.77,34.85],[138.77,34.86],[138.75,34.87],[138.77,34.9],[138.78,34.91],[138.79,34.91],[138.78,34.93],[138.77,34.95],[138.77,34.98],[138.77,34.97],[138.77,34.98],[138.77,34.99],[138.78,35.0],[138.78,35.02],[138.79,35.03],[138.79,35.02],[138.8,35.02],[138.82,35.02],[138.83,35.02],[138.84,35.02],[138.85,35.02],[138.86,35.02],[138.87,35.02],[138.88,35.02],[138.89,35.02],[138.9,35.02],[138.9,35.04],[138.9,35.05],[138.89,35.05],[138.88,35.06],[138.86,35.07],[138.85,35.08],[138.83,35.11],[138.75,35.13],[138.7,35.14],[138.68,35.15],[138.69,35.14],[138.68,35.13],[138.62,35.12],[138.56,35.1],[138.55,35.09],[138.53,35.06],[138.51,35.04],[138.5,35.04],[138.5,35.03],[138.5,35.02],[138.49,35.02],[138.49,35.01],[138.5,35.0],[138.5,34.99],[138.51,35.0],[138.5,35],[138.51,35.01],[138.52,35.01],[138.52,35.02],[138.53,35.0],[138.51,34.98],[138.47,34.96],[138.39,34.93],[138.37,34.92],[138.35,34.9],[138.34,34.88],[138.33,34.87],[138.32,34.87],[138.33,34.87],[138.33,34.85],[138.34,34.84],[138.32,34.81],[138.3,34.78],[138.29,34.78],[138.3,34.77],[138.27,34.75],[138.25,34.74],[138.22,34.72],[138.22,34.7],[138.21,34.69],[138.19,34.65],[138.2,34.63],[138.21,34.62],[138.22,34.61],[138.23,34.6],[138.21,34.6],[138.16,34.61],[138.12,34.63],[138.06,34.66],[138.06,34.65],[137.97,34.67],[137.9,34.67],[137.87,34.66],[137.83,34.65],[137.77,34.65],[137.75,34.67],[137.75,34.66],[137.62,34.68],[137.59,34.68],[137.48,34.67],[137.49,34.69],[137.48,34.72],[137.48,34.74],[137.48,34.76],[137.48,34.77],[137.49,34.79],[137.49,34.8],[137.5,34.82],[137.5,34.83],[137.53,34.84],[137.54,34.84],[137.56,34.85],[137.57,34.85],[137.6,34.87],[137.61,34.88],[137.62,34.88],[137.64,34.89],[137.64,34.91],[137.65,34.92],[137.65,34.93],[137.67,34.95],[137.68,34.95],[137.69,34.96],[137.71,34.97],[137.71,35.0],[137.7,35.0],[137.71,35.03],[137.72,35.04],[137.73,35.05],[137.76,35.07],[137.77,35.09],[137.78,35.1],[137.79,35.1],[137.8,35.13],[137.8,35.14],[137.81,35.14],[137.81,35.15],[137.83,35.15],[137.82,35.17],[137.81,35.18],[137.81,35.19],[137.82,35.2],[137.83,35.21],[137.84,35.22],[137.85,35.22],[137.88,35.23],[137.88,35.25],[137.89,35.26],[137.92,35.26],[137.93,35.28],[137.96,35.28],[137.97,35.29],[137.99,35.3],[138.02,35.3],[138.03,35.32],[138.05,35.34],[138.06,35.34],[138.08,35.34],[138.09,35.34],[138.1,35.35],[138.13,35.37],[138.14,35.38],[138.15,35.4],[138.13,35.41],[138.14,35.42],[138.12,35.43],[138.12,35.45],[138.13,35.45],[138.16,35.46],[138.16,35.47],[138.15,35.5],[138.14,35.5],[138.14,35.52],[138.16,35.55],[138.15,35.55],[138.15,35.57],[138.17,35.58],[138.19,35.57],[138.19,35.59],[138.2,35.62],[138.22,35.64]]]]}},{"type":"Feature","properties":{"nam_ja":"茨城県","id":8},"geometry":{"type":"MultiPolygon","coordinates":[[[[140.57,36.94],[140.58,36.94],[140.59,36.94],[140.59,36.93],[140.61,36.91],[140.62,36.9],[140.65,36.9],[140.66,36.9],[140.67,36.89],[140.69,36.89],[140.7,36.88],[140.71,36.87],[140.73,36.87],[140.74,36.88],[140.76,36.87],[140.76,36.86],[140.77,36.87],[140.77,36.86],[140.77,36.87],[140.78,36.87],[140.79,36.86],[140.8,36.84],[140.8,36.83],[140.79,36.83],[140.77,36.82],[140.74,36.75],[140.73,36.72],[140.71,36.67],[140.71,36.66],[140.7,36.65],[140.69,36.62],[140.67,36.59],[140.66,36.58],[140.64,36.54],[140.63,36.5],[140.62,36.5],[140.62,36.49],[140.61,36.49],[140.62,36.48],[140.61,36.48],[140.61,36.47],[140.61,36.45],[140.61,36.44],[140.62,36.43],[140.61,36.43],[140.61,36.41],[140.62,36.41],[140.61,36.41],[140.61,36.4],[140.61,36.39],[140.62,36.38],[140.62,36.37],[140.61,36.35],[140.6,36.34],[140.59,36.32],[140.59,36.31],[140.58,36.31],[140.57,36.31],[140.56,36.29],[140.56,36.25],[140.59,36.14],[140.62,36.06],[140.66,36.0],[140.7,35.94],[140.69,35.93],[140.67,35.92],[140.66,35.93],[140.67,35.92],[140.67,35.9],[140.69,35.88],[140.69,35.92],[140.7,35.92],[140.71,35.92],[140.74,35.87],[140.76,35.84],[140.84,35.75],[140.85,35.74],[140.75,35.78],[140.72,35.82],[140.68,35.85],[140.63,35.86],[140.6,35.9],[140.59,35.91],[140.58,35.91],[140.57,35.92],[140.53,35.95],[140.5,35.93],[140.49,35.93],[140.5,35.91],[140.48,35.91],[140.45,35.92],[140.42,35.91],[140.38,35.9],[140.37,35.9],[140.34,35.87],[140.29,35.87],[140.25,35.86],[140.21,35.86],[140.17,35.85],[140.14,35.86],[140.12,35.87],[140.08,35.88],[140.05,35.89],[140.02,35.91],[140.0,35.91],[139.98,35.92],[139.94,35.94],[139.93,35.97],[139.9,35.98],[139.88,36.01],[139.86,36.03],[139.81,36.07],[139.79,36.1],[139.77,36.09],[139.76,36.08],[139.74,36.09],[139.73,36.11],[139.71,36.14],[139.69,36.17],[139.69,36.19],[139.69,36.21],[139.7,36.2],[139.71,36.21],[139.72,36.21],[139.75,36.21],[139.79,36.23],[139.83,36.25],[139.84,36.29],[139.86,36.32],[139.87,36.32],[139.88,36.32],[139.88,36.31],[139.9,36.31],[139.9,36.3],[139.92,36.31],[139.91,36.34],[139.93,36.34],[139.95,36.35],[139.97,36.36],[139.97,36.38],[139.99,36.37],[140.0,36.37],[140.01,36.37],[140.02,36.38],[140.03,36.38],[140.04,36.38],[140.06,36.38],[140.07,36.4],[140.09,36.4],[140.1,36.4],[140.11,36.41],[140.13,36.41],[140.16,36.4],[140.19,36.4],[140.2,36.41],[140.2,36.43],[140.2,36.45],[140.21,36.47],[140.22,36.48],[140.23,36.49],[140.24,36.5],[140.25,36.51],[140.25,36.52],[140.25,36.53],[140.25,36.55],[140.24,36.56],[140.25,36.57],[140.24,36.57],[140.24,36.59],[140.25,36.61],[140.24,36.62],[140.24,36.63],[140.24,36.64],[140.24,36.66],[140.23,36.67],[140.22,36.68],[140.22,36.69],[140.24,36.7],[140.25,36.7],[140.27,36.7],[140.28,36.71],[140.29,36.71],[140.28,36.73],[140.26,36.75],[140.26,36.76],[140.26,36.78],[140.26,36.79],[140.27,36.8],[140.27,36.82],[140.26,36.84],[140.25,36.85],[140.26,36.88],[140.25,36.89],[140.25,36.91],[140.26,36.93],[140.27,36.93],[140.29,36.93],[140.3,36.93],[140.32,36.91],[140.33,36.89],[140.36,36.88],[140.37,36.87],[140.37,36.86],[140.38,36.84],[140.39,36.84],[140.41,36.83],[140.42,36.83],[140.42,36.82],[140.44,36.82],[140.46,36.8],[140.46,36.79],[140.48,36.8],[140.49,36.82],[140.5,36.82],[140.51,36.82],[140.52,36.84],[140.53,36.85],[140.55,36.86],[140.56,36.86],[140.57,36.86],[140.58,36.87],[140.59,36.88],[140.58,36.9],[140.57,36.91],[140.57,36.94]]]]}},{"type":"Feature","properties":{"nam_ja":"沖縄県","id":47},"geometry":{"type":"MultiPolygon","coordinates":[[[[128.15,26.72],[128.15,26.74],[128.17,26.74],[128.19,26.75],[128.2,26.77],[128.22,26.79],[128.23,26.8],[128.24,26.82],[128.25,26.84],[128.25,26.85],[128.25,26.87],[128.26,26.87],[128.26,26.86],[128.28,26.86],[128.29,26.85],[128.29,26.84],[128.3,26.84],[128.31,26.82],[128.32,26.81],[128.32,26.8],[128.32,26.79],[128.32,26.77],[128.32,26.76],[128.33,26.76],[128.32,26.75],[128.32,26.74],[128.3,26.72],[128.29,26.71],[128.3,26.71],[128.29,26.7],[128.28,26.7],[128.28,26.68],[128.27,26.67],[128.26,26.66],[128.25,26.65],[128.25,26.64],[128.24,26.64],[128.23,26.63],[128.21,26.63],[128.18,26.62],[128.16,26.63],[128.15,26.61],[128.15,26.6],[128.14,26.6],[128.13,26.59],[128.14,26.57],[128.14,26.55],[128.12,26.55],[128.1,26.54],[128.09,26.53],[128.08,26.55],[128.06,26.55],[128.05,26.55],[128.04,26.56],[128.04,26.55],[128.04,26.53],[128.05,26.52],[128.03,26.52],[128.03,26.51],[128.01,26.51],[128.0,26.5],[128.0,26.51],[128.0,26.49],[128.0,26.48],[127.99,26.48],[127.97,26.47],[127.96,26.47],[127.95,26.47],[127.95,26.46],[127.95,26.45],[127.95,26.44],[127.93,26.44],[127.92,26.45],[127.9,26.45],[127.89,26.46],[127.87,26.46],[127.85,26.44],[127.84,26.43],[127.83,26.42],[127.84,26.41],[127.86,26.4],[127.87,26.39],[127.88,26.38],[127.87,26.37],[127.88,26.35],[127.9,26.33],[127.92,26.33],[127.91,26.32],[127.92,26.3],[127.92,26.29],[127.91,26.3],[127.9,26.3],[127.9,26.31],[127.89,26.31],[127.89,26.32],[127.88,26.32],[127.87,26.34],[127.86,26.34],[127.84,26.34],[127.84,26.33],[127.84,26.32],[127.85,26.32],[127.83,26.31],[127.83,26.3],[127.81,26.3],[127.81,26.29],[127.82,26.29],[127.82,26.28],[127.81,26.28],[127.8,26.27],[127.79,26.24],[127.79,26.23],[127.78,26.22],[127.77,26.22],[127.77,26.21],[127.76,26.21],[127.77,26.2],[127.76,26.2],[127.76,26.21],[127.76,26.2],[127.77,26.2],[127.77,26.19],[127.78,26.18],[127.79,26.17],[127.79,26.18],[127.81,26.19],[127.82,26.19],[127.82,26.18],[127.83,26.18],[127.83,26.17],[127.8,26.15],[127.79,26.13],[127.77,26.13],[127.76,26.13],[127.75,26.12],[127.73,26.1],[127.71,26.09],[127.7,26.09],[127.68,26.07],[127.66,26.08],[127.66,26.09],[127.66,26.1],[127.67,26.12],[127.67,26.13],[127.66,26.13],[127.65,26.13],[127.66,26.15],[127.65,26.15],[127.65,26.16],[127.65,26.17],[127.64,26.18],[127.64,26.2],[127.64,26.21],[127.65,26.21],[127.66,26.21],[127.67,26.21],[127.67,26.22],[127.68,26.22],[127.68,26.23],[127.68,26.24],[127.67,26.23],[127.67,26.24],[127.68,26.25],[127.68,26.24],[127.68,26.25],[127.7,26.26],[127.71,26.27],[127.72,26.27],[127.73,26.28],[127.74,26.28],[127.75,26.29],[127.75,26.31],[127.75,26.32],[127.74,26.33],[127.74,26.34],[127.74,26.35],[127.74,26.36],[127.72,26.39],[127.72,26.4],[127.71,26.42],[127.71,26.44],[127.73,26.43],[127.74,26.42],[127.76,26.43],[127.77,26.44],[127.78,26.43],[127.79,26.44],[127.8,26.44],[127.8,26.45],[127.81,26.46],[127.83,26.47],[127.84,26.48],[127.84,26.5],[127.85,26.5],[127.86,26.5],[127.86,26.51],[127.87,26.51],[127.88,26.51],[127.89,26.5],[127.89,26.51],[127.91,26.52],[127.92,26.53],[127.93,26.53],[127.93,26.54],[127.94,26.54],[127.96,26.54],[127.98,26.57],[127.98,26.59],[127.97,26.59],[127.94,26.6],[127.93,26.61],[127.91,26.6],[127.89,26.61],[127.88,26.64],[127.88,26.66],[127.89,26.66],[127.88,26.67],[127.87,26.69],[127.88,26.7],[127.89,26.71],[127.91,26.7],[127.92,26.7],[127.93,26.7],[127.94,26.71],[127.95,26.71],[127.97,26.7],[128.0,26.69],[128.0,26.68],[127.99,26.67],[127.99,26.66],[127.98,26.65],[128.0,26.64],[128.01,26.63],[128.03,26.63],[128.04,26.64],[128.07,26.64],[128.08,26.65],[128.1,26.66],[128.11,26.66],[128.12,26.66],[128.12,26.67],[128.11,26.67],[128.1,26.68],[128.12,26.7],[128.15,26.72]]],[[[125.31,24.71],[125.3,24.72],[125.29,24.72],[125.27,24.73],[125.26,24.74],[125.25,24.76],[125.26,24.77],[125.26,24.75],[125.27,24.75],[125.28,24.75],[125.28,24.76],[125.27,24.78],[125.25,24.79],[125.26,24.8],[125.27,24.8],[125.27,24.81],[125.28,24.81],[125.28,24.82],[125.28,24.84],[125.29,24.84],[125.29,24.85],[125.28,24.86],[125.28,24.87],[125.27,24.88],[125.26,24.9],[125.27,24.9],[125.28,24.89],[125.3,24.88],[125.3,24.85],[125.32,24.83],[125.33,24.82],[125.34,24.8],[125.36,24.79],[125.37,24.79],[125.39,24.78],[125.41,24.76],[125.42,24.76],[125.44,24.75],[125.47,24.72],[125.45,24.73],[125.44,24.73],[125.42,24.73],[125.4,24.73],[125.38,24.73],[125.37,24.73],[125.36,24.72],[125.35,24.72],[125.34,24.72],[125.32,24.72],[125.32,24.71],[125.31,24.71]]],[[[124.17,24.33],[124.16,24.33],[124.15,24.34],[124.14,24.34],[124.14,24.35],[124.12,24.35],[124.12,24.38],[124.13,24.38],[124.14,24.4],[124.13,24.42],[124.11,24.43],[124.1,24.43],[124.08,24.42],[124.07,24.43],[124.08,24.45],[124.1,24.45],[124.1,24.44],[124.11,24.44],[124.12,24.46],[124.12,24.47],[124.11,24.48],[124.12,24.48],[124.14,24.46],[124.14,24.45],[124.14,24.44],[124.15,24.45],[124.17,24.45],[124.19,24.46],[124.2,24.46],[124.21,24.45],[124.22,24.46],[124.22,24.47],[124.23,24.49],[124.23,24.5],[124.25,24.51],[124.27,24.51],[124.27,24.5],[124.27,24.51],[124.29,24.54],[124.28,24.56],[124.3,24.58],[124.31,24.61],[124.34,24.6],[124.34,24.59],[124.33,24.57],[124.32,24.56],[124.31,24.55],[124.3,24.53],[124.29,24.51],[124.28,24.49],[124.26,24.48],[124.25,24.44],[124.25,24.43],[124.25,24.41],[124.25,24.37],[124.23,24.34],[124.21,24.35],[124.2,24.34],[124.18,24.33],[124.17,24.33]]],[[[123.87,24.25],[123.83,24.27],[123.78,24.28],[123.75,24.28],[123.72,24.3],[123.71,24.28],[123.68,24.28],[123.67,24.31],[123.68,24.31],[123.68,24.32],[123.69,24.33],[123.7,24.31],[123.71,24.32],[123.7,24.34],[123.7,24.35],[123.71,24.34],[123.71,24.33],[123.72,24.34],[123.73,24.34],[123.73,24.33],[123.74,24.32],[123.75,24.31],[123.75,24.33],[123.74,24.34],[123.75,24.35],[123.75,24.36],[123.74,24.37],[123.75,24.38],[123.74,24.39],[123.75,24.39],[123.76,24.41],[123.77,24.42],[123.77,24.43],[123.77,24.44],[123.78,24.44],[123.8,24.42],[123.81,24.4],[123.82,24.39],[123.82,24.4],[123.83,24.4],[123.85,24.4],[123.86,24.39],[123.87,24.4],[123.89,24.38],[123.9,24.38],[123.92,24.37],[123.94,24.36],[123.93,24.35],[123.93,24.33],[123.92,24.32],[123.91,24.32],[123.9,24.3],[123.9,24.28],[123.88,24.28],[123.88,24.27],[123.88,24.26],[123.87,24.25]]]]}},{"type":"Feature","properties":{"nam_ja":"山形県","id":6},"geometry":{"type":"MultiPolygon","coordinates":[[[[139.87,39.12],[139.95,39.11],[140.0,39.11],[140.01,39.12],[140.07,39.1],[140.1,39.08],[140.12,39.07],[140.14,39.07],[140.16,39.05],[140.17,39.05],[140.19,39.06],[140.2,39.05],[140.2,39.04],[140.23,39.03],[140.25,39.03],[140.27,39.03],[140.29,39.02],[140.31,39.01],[140.32,39.03],[140.34,39.03],[140.36,39.02],[140.37,39.0],[140.39,38.99],[140.41,38.99],[140.43,38.99],[140.45,38.98],[140.45,38.97],[140.45,38.95],[140.45,38.94],[140.46,38.92],[140.48,38.92],[140.49,38.91],[140.49,38.9],[140.51,38.9],[140.53,38.9],[140.55,38.89],[140.54,38.87],[140.55,38.86],[140.57,38.85],[140.59,38.84],[140.59,38.83],[140.6,38.81],[140.6,38.8],[140.61,38.78],[140.62,38.78],[140.64,38.77],[140.63,38.76],[140.63,38.75],[140.62,38.74],[140.62,38.73],[140.61,38.72],[140.62,38.7],[140.62,38.69],[140.62,38.68],[140.61,38.66],[140.6,38.65],[140.6,38.64],[140.58,38.64],[140.56,38.65],[140.55,38.65],[140.54,38.63],[140.55,38.61],[140.56,38.6],[140.57,38.59],[140.58,38.57],[140.57,38.56],[140.57,38.55],[140.56,38.53],[140.57,38.53],[140.57,38.52],[140.57,38.5],[140.58,38.49],[140.6,38.48],[140.61,38.47],[140.62,38.46],[140.61,38.44],[140.59,38.44],[140.58,38.44],[140.57,38.41],[140.58,38.39],[140.56,38.38],[140.54,38.36],[140.53,38.36],[140.53,38.33],[140.52,38.31],[140.5,38.31],[140.5,38.3],[140.5,38.28],[140.49,38.27],[140.47,38.26],[140.47,38.25],[140.47,38.23],[140.47,38.21],[140.48,38.2],[140.47,38.17],[140.46,38.16],[140.44,38.14],[140.44,38.13],[140.43,38.11],[140.42,38.08],[140.4,38.07],[140.38,38.07],[140.37,38.06],[140.35,38.06],[140.34,38.06],[140.32,38.06],[140.31,38.06],[140.29,38.06],[140.28,38.06],[140.28,38.05],[140.28,38.03],[140.29,38.01],[140.28,37.99],[140.28,37.98],[140.28,37.96],[140.28,37.94],[140.28,37.93],[140.27,37.92],[140.27,37.89],[140.27,37.87],[140.27,37.86],[140.26,37.84],[140.27,37.83],[140.29,37.81],[140.3,37.81],[140.28,37.8],[140.28,37.79],[140.26,37.77],[140.25,37.76],[140.22,37.75],[140.21,37.75],[140.2,37.75],[140.17,37.76],[140.14,37.74],[140.12,37.73],[140.1,37.74],[140.09,37.75],[140.07,37.76],[140.05,37.77],[140.05,37.78],[140.03,37.77],[140.01,37.76],[140,37.76],[139.99,37.76],[139.98,37.77],[139.97,37.78],[139.96,37.8],[139.95,37.82],[139.93,37.83],[139.93,37.82],[139.91,37.81],[139.89,37.81],[139.88,37.81],[139.87,37.82],[139.85,37.82],[139.83,37.81],[139.81,37.8],[139.8,37.82],[139.77,37.83],[139.75,37.82],[139.74,37.83],[139.73,37.84],[139.72,37.85],[139.69,37.85],[139.66,37.86],[139.65,37.88],[139.63,37.89],[139.63,37.91],[139.63,37.93],[139.64,37.94],[139.64,37.96],[139.64,37.98],[139.64,37.99],[139.65,38.0],[139.65,38.02],[139.66,38.04],[139.67,38.04],[139.69,38.05],[139.69,38.07],[139.69,38.08],[139.67,38.08],[139.67,38.09],[139.69,38.12],[139.69,38.15],[139.69,38.16],[139.69,38.18],[139.7,38.19],[139.7,38.2],[139.72,38.21],[139.73,38.2],[139.75,38.2],[139.76,38.2],[139.78,38.19],[139.8,38.2],[139.81,38.21],[139.84,38.22],[139.86,38.24],[139.88,38.25],[139.9,38.28],[139.89,38.3],[139.87,38.32],[139.86,38.33],[139.85,38.34],[139.83,38.35],[139.8,38.36],[139.78,38.35],[139.75,38.36],[139.73,38.37],[139.73,38.39],[139.71,38.39],[139.7,38.4],[139.72,38.42],[139.72,38.45],[139.72,38.47],[139.71,38.48],[139.72,38.49],[139.7,38.5],[139.69,38.51],[139.66,38.51],[139.65,38.51],[139.63,38.52],[139.62,38.53],[139.61,38.53],[139.59,38.53],[139.57,38.54],[139.56,38.55],[139.55,38.55],[139.55,38.56],[139.54,38.56],[139.55,38.57],[139.56,38.58],[139.56,38.59],[139.57,38.6],[139.57,38.61],[139.58,38.62],[139.6,38.64],[139.6,38.65],[139.61,38.67],[139.62,38.68],[139.64,38.69],[139.65,38.7],[139.66,38.71],[139.67,38.72],[139.68,38.72],[139.69,38.72],[139.7,38.73],[139.71,38.74],[139.71,38.75],[139.72,38.76],[139.73,38.76],[139.75,38.78],[139.8,38.91],[139.81,38.93],[139.81,38.95],[139.83,38.95],[139.83,38.96],[139.83,38.98],[139.85,39.0],[139.87,39.07],[139.87,39.08],[139.88,39.09],[139.87,39.11],[139.87,39.12]]]]}},{"type":"Feature","properties":{"nam_ja":"和歌山県","id":30},"geometry":{"type":"MultiPolygon","coordinates":[[[[135.53,34.35],[135.55,34.36],[135.56,34.37],[135.58,34.38],[135.6,34.38],[135.61,34.38],[135.64,34.38],[135.66,34.37],[135.66,34.34],[135.66,34.33],[135.67,34.31],[135.67,34.3],[135.67,34.29],[135.68,34.27],[135.69,34.27],[135.7,34.27],[135.71,34.27],[135.72,34.24],[135.73,34.22],[135.71,34.21],[135.7,34.21],[135.69,34.22],[135.67,34.22],[135.66,34.22],[135.64,34.21],[135.63,34.2],[135.64,34.18],[135.62,34.17],[135.62,34.16],[135.6,34.15],[135.59,34.15],[135.58,34.12],[135.56,34.1],[135.55,34.1],[135.55,34.08],[135.55,34.07],[135.56,34.06],[135.58,34.06],[135.59,34.04],[135.59,34.02],[135.61,34.01],[135.62,34.01],[135.63,34.0],[135.64,33.98],[135.64,33.96],[135.62,33.95],[135.62,33.94],[135.61,33.93],[135.6,33.91],[135.61,33.9],[135.63,33.89],[135.62,33.88],[135.62,33.87],[135.64,33.88],[135.66,33.88],[135.66,33.9],[135.68,33.9],[135.72,33.9],[135.73,33.9],[135.74,33.89],[135.75,33.89],[135.76,33.89],[135.78,33.89],[135.8,33.9],[135.83,33.9],[135.85,33.9],[135.85,33.88],[135.86,33.87],[135.86,33.85],[135.86,33.82],[135.88,33.8],[135.9,33.79],[135.91,33.77],[135.93,33.75],[135.94,33.74],[135.98,33.72],[135.97,33.74],[136.0,33.73],[136.0,33.71],[135.99,33.69],[135.99,33.68],[135.98,33.68],[135.97,33.67],[135.98,33.66],[135.99,33.66],[135.98,33.65],[135.98,33.66],[135.97,33.65],[135.95,33.65],[135.94,33.64],[135.95,33.63],[135.95,33.62],[135.94,33.63],[135.94,33.62],[135.93,33.61],[135.93,33.6],[135.93,33.59],[135.94,33.6],[135.95,33.6],[135.95,33.59],[135.96,33.59],[135.96,33.58],[135.94,33.58],[135.94,33.57],[135.92,33.58],[135.92,33.57],[135.9,33.56],[135.89,33.56],[135.91,33.56],[135.92,33.56],[135.92,33.55],[135.91,33.55],[135.9,33.54],[135.89,33.54],[135.88,33.53],[135.87,33.53],[135.86,33.53],[135.85,33.52],[135.84,33.51],[135.83,33.51],[135.82,33.51],[135.81,33.5],[135.8,33.5],[135.79,33.48],[135.79,33.47],[135.78,33.47],[135.78,33.46],[135.79,33.46],[135.79,33.45],[135.79,33.44],[135.78,33.44],[135.77,33.44],[135.76,33.43],[135.75,33.44],[135.76,33.44],[135.76,33.46],[135.78,33.47],[135.77,33.47],[135.77,33.48],[135.76,33.48],[135.74,33.48],[135.73,33.48],[135.72,33.48],[135.71,33.48],[135.7,33.49],[135.69,33.49],[135.67,33.49],[135.66,33.49],[135.66,33.5],[135.64,33.5],[135.64,33.51],[135.63,33.51],[135.63,33.5],[135.62,33.5],[135.61,33.51],[135.6,33.51],[135.59,33.51],[135.59,33.5],[135.58,33.51],[135.57,33.52],[135.55,33.52],[135.54,33.52],[135.53,33.52],[135.52,33.52],[135.51,33.53],[135.5,33.53],[135.5,33.54],[135.49,33.54],[135.49,33.55],[135.48,33.54],[135.48,33.55],[135.46,33.55],[135.45,33.55],[135.45,33.56],[135.44,33.57],[135.43,33.57],[135.42,33.57],[135.42,33.58],[135.41,33.58],[135.4,33.58],[135.4,33.59],[135.39,33.59],[135.39,33.6],[135.39,33.61],[135.39,33.62],[135.4,33.62],[135.4,33.63],[135.39,33.63],[135.39,33.64],[135.38,33.65],[135.37,33.65],[135.35,33.66],[135.34,33.66],[135.33,33.67],[135.34,33.68],[135.34,33.69],[135.33,33.69],[135.34,33.69],[135.35,33.69],[135.35,33.68],[135.36,33.68],[135.37,33.68],[135.37,33.69],[135.38,33.69],[135.38,33.7],[135.39,33.7],[135.4,33.71],[135.4,33.72],[135.39,33.72],[135.38,33.72],[135.37,33.73],[135.36,33.73],[135.35,33.73],[135.36,33.74],[135.35,33.74],[135.33,33.74],[135.33,33.75],[135.32,33.76],[135.31,33.77],[135.3,33.76],[135.29,33.77],[135.27,33.78],[135.25,33.78],[135.24,33.79],[135.22,33.81],[135.21,33.81],[135.19,33.82],[135.17,33.84],[135.17,33.85],[135.16,33.86],[135.16,33.87],[135.12,33.89],[135.09,33.89],[135.08,33.89],[135.07,33.88],[135.06,33.89],[135.06,33.9],[135.07,33.91],[135.07,33.9],[135.08,33.91],[135.08,33.92],[135.07,33.93],[135.08,33.93],[135.08,33.94],[135.09,33.94],[135.09,33.95],[135.1,33.95],[135.11,33.96],[135.1,33.96],[135.09,33.96],[135.08,33.96],[135.08,33.97],[135.07,33.98],[135.08,33.98],[135.09,33.98],[135.09,33.99],[135.1,33.99],[135.11,33.99],[135.12,34.0],[135.13,34.0],[135.14,34.01],[135.15,34.01],[135.14,34.01],[135.14,34.02],[135.15,34.02],[135.16,34.02],[135.17,34.03],[135.17,34.04],[135.16,34.04],[135.15,34.04],[135.15,34.06],[135.13,34.06],[135.12,34.07],[135.11,34.07],[135.1,34.07],[135.09,34.07],[135.08,34.07],[135.09,34.07],[135.1,34.08],[135.1,34.09],[135.1,34.1],[135.11,34.1],[135.11,34.11],[135.12,34.12],[135.14,34.11],[135.13,34.12],[135.13,34.13],[135.12,34.13],[135.14,34.14],[135.16,34.14],[135.17,34.13],[135.18,34.14],[135.19,34.14],[135.2,34.14],[135.2,34.15],[135.19,34.16],[135.18,34.18],[135.17,34.19],[135.16,34.19],[135.15,34.18],[135.15,34.19],[135.14,34.19],[135.15,34.19],[135.15,34.2],[135.14,34.21],[135.14,34.22],[135.14,34.23],[135.1,34.24],[135.12,34.23],[135.13,34.23],[135.12,34.24],[135.11,34.24],[135.1,34.26],[135.09,34.26],[135.07,34.28],[135.07,34.29],[135.08,34.31],[135.1,34.31],[135.1,34.3],[135.1,34.29],[135.11,34.28],[135.12,34.27],[135.13,34.27],[135.14,34.28],[135.15,34.28],[135.17,34.28],[135.19,34.28],[135.2,34.29],[135.21,34.3],[135.22,34.3],[135.25,34.31],[135.27,34.31],[135.29,34.3],[135.3,34.3],[135.31,34.31],[135.33,34.32],[135.34,34.33],[135.36,34.33],[135.37,34.33],[135.39,34.33],[135.41,34.34],[135.43,34.35],[135.45,34.35],[135.46,34.35],[135.48,34.35],[135.49,34.35],[135.5,34.35],[135.5,34.34],[135.52,34.35],[135.53,34.35]]]]}},{"type":"Feature","properties":{"nam_ja":"長崎県","id":42},"geometry":{"type":"MultiPolygon","coordinates":[[[[129.38,34.42],[129.38,34.43],[129.37,34.43],[129.37,34.44],[129.37,34.43],[129.36,34.43],[129.37,34.42],[129.37,34.43],[129.38,34.42],[129.38,34.41],[129.37,34.41],[129.37,34.4],[129.36,34.4],[129.36,34.39],[129.35,34.39],[129.36,34.39],[129.37,34.4],[129.38,34.4],[129.39,34.4],[129.39,34.41],[129.39,34.39],[129.39,34.38],[129.38,34.39],[129.37,34.38],[129.38,34.37],[129.37,34.37],[129.38,34.37],[129.39,34.37],[129.39,34.36],[129.39,34.35],[129.38,34.35],[129.37,34.35],[129.36,34.34],[129.37,34.34],[129.38,34.34],[129.39,34.35],[129.39,34.34],[129.39,34.33],[129.38,34.33],[129.38,34.34],[129.37,34.34],[129.37,34.33],[129.38,34.32],[129.37,34.32],[129.38,34.31],[129.37,34.31],[129.37,34.32],[129.36,34.32],[129.37,34.32],[129.36,34.31],[129.36,34.3],[129.35,34.3],[129.35,34.31],[129.34,34.3],[129.34,34.31],[129.33,34.31],[129.34,34.32],[129.34,34.31],[129.33,34.32],[129.34,34.32],[129.35,34.32],[129.34,34.33],[129.35,34.33],[129.35,34.34],[129.34,34.34],[129.35,34.34],[129.36,34.34],[129.35,34.34],[129.35,34.35],[129.34,34.35],[129.34,34.36],[129.35,34.36],[129.35,34.37],[129.34,34.37],[129.33,34.37],[129.33,34.36],[129.32,34.37],[129.32,34.36],[129.32,34.35],[129.32,34.36],[129.32,34.35],[129.31,34.34],[129.3,34.34],[129.3,34.35],[129.31,34.35],[129.3,34.36],[129.3,34.37],[129.3,34.38],[129.31,34.38],[129.31,34.39],[129.3,34.38],[129.29,34.38],[129.29,34.39],[129.28,34.38],[129.29,34.37],[129.28,34.37],[129.28,34.36],[129.29,34.36],[129.3,34.36],[129.29,34.35],[129.29,34.34],[129.29,34.35],[129.28,34.35],[129.28,34.34],[129.28,34.35],[129.26,34.35],[129.25,34.35],[129.24,34.35],[129.23,34.36],[129.23,34.37],[129.24,34.37],[129.24,34.36],[129.25,34.36],[129.26,34.36],[129.25,34.36],[129.26,34.37],[129.27,34.38],[129.28,34.38],[129.27,34.38],[129.27,34.4],[129.27,34.42],[129.28,34.41],[129.28,34.42],[129.27,34.42],[129.28,34.42],[129.27,34.42],[129.27,34.43],[129.28,34.43],[129.27,34.44],[129.28,34.44],[129.29,34.44],[129.29,34.43],[129.29,34.44],[129.3,34.45],[129.31,34.45],[129.31,34.46],[129.31,34.47],[129.3,34.46],[129.28,34.45],[129.27,34.46],[129.27,34.47],[129.28,34.48],[129.29,34.49],[129.3,34.5],[129.3,34.51],[129.31,34.53],[129.31,34.52],[129.32,34.53],[129.32,34.54],[129.32,34.53],[129.34,34.53],[129.34,34.54],[129.33,34.53],[129.33,34.54],[129.33,34.55],[129.32,34.55],[129.31,34.56],[129.31,34.57],[129.29,34.56],[129.29,34.57],[129.3,34.59],[129.31,34.61],[129.32,34.64],[129.33,34.65],[129.33,34.64],[129.34,34.64],[129.36,34.65],[129.37,34.65],[129.39,34.64],[129.4,34.64],[129.38,34.65],[129.39,34.65],[129.39,34.66],[129.4,34.66],[129.4,34.67],[129.41,34.68],[129.43,34.68],[129.43,34.67],[129.43,34.68],[129.42,34.68],[129.42,34.69],[129.42,34.7],[129.42,34.69],[129.43,34.69],[129.44,34.7],[129.45,34.7],[129.46,34.7],[129.46,34.69],[129.46,34.7],[129.47,34.7],[129.47,34.69],[129.48,34.69],[129.47,34.69],[129.47,34.68],[129.47,34.67],[129.48,34.68],[129.49,34.68],[129.48,34.67],[129.49,34.67],[129.49,34.66],[129.48,34.66],[129.48,34.65],[129.48,34.66],[129.47,34.66],[129.47,34.65],[129.48,34.65],[129.48,34.64],[129.49,34.64],[129.48,34.63],[129.47,34.63],[129.48,34.62],[129.47,34.62],[129.46,34.61],[129.46,34.62],[129.45,34.62],[129.45,34.63],[129.44,34.62],[129.45,34.62],[129.46,34.61],[129.45,34.61],[129.44,34.62],[129.43,34.62],[129.44,34.61],[129.43,34.61],[129.44,34.61],[129.45,34.61],[129.45,34.6],[129.46,34.61],[129.47,34.61],[129.47,34.6],[129.47,34.59],[129.48,34.59],[129.47,34.59],[129.47,34.57],[129.47,34.56],[129.47,34.55],[129.46,34.55],[129.46,34.54],[129.45,34.53],[129.44,34.51],[129.43,34.5],[129.42,34.5],[129.41,34.49],[129.4,34.48],[129.39,34.47],[129.39,34.46],[129.37,34.45],[129.37,34.44],[129.38,34.44],[129.38,34.43],[129.38,34.42]]],[[[129.21,34.08],[129.22,34.1],[129.21,34.11],[129.2,34.1],[129.19,34.12],[129.18,34.12],[129.18,34.11],[129.17,34.1],[129.17,34.12],[129.17,34.15],[129.17,34.17],[129.18,34.17],[129.18,34.19],[129.18,34.23],[129.19,34.24],[129.19,34.26],[129.2,34.27],[129.2,34.28],[129.2,34.3],[129.2,34.31],[129.2,34.33],[129.21,34.33],[129.22,34.33],[129.23,34.32],[129.23,34.31],[129.22,34.3],[129.22,34.29],[129.23,34.3],[129.23,34.29],[129.23,34.3],[129.24,34.3],[129.25,34.3],[129.26,34.31],[129.25,34.31],[129.25,34.3],[129.26,34.3],[129.26,34.29],[129.26,34.3],[129.27,34.31],[129.28,34.3],[129.28,34.29],[129.29,34.28],[129.28,34.29],[129.29,34.29],[129.29,34.3],[129.28,34.3],[129.29,34.31],[129.28,34.31],[129.27,34.31],[129.27,34.32],[129.27,34.33],[129.27,34.32],[129.28,34.32],[129.28,34.33],[129.28,34.32],[129.29,34.31],[129.29,34.32],[129.29,34.31],[129.3,34.31],[129.29,34.31],[129.3,34.3],[129.3,34.31],[129.31,34.31],[129.3,34.3],[129.3,34.29],[129.3,34.28],[129.31,34.28],[129.31,34.29],[129.31,34.28],[129.32,34.28],[129.32,34.29],[129.31,34.29],[129.32,34.29],[129.32,34.3],[129.33,34.3],[129.34,34.29],[129.33,34.29],[129.34,34.29],[129.34,34.3],[129.34,34.29],[129.35,34.3],[129.35,34.29],[129.35,34.28],[129.33,34.27],[129.33,34.28],[129.32,34.27],[129.32,34.26],[129.32,34.25],[129.32,34.24],[129.32,34.23],[129.32,34.22],[129.31,34.22],[129.3,34.22],[129.29,34.22],[129.3,34.21],[129.3,34.2],[129.29,34.2],[129.29,34.19],[129.29,34.18],[129.3,34.17],[129.29,34.16],[129.28,34.16],[129.28,34.15],[129.27,34.15],[129.28,34.13],[129.27,34.13],[129.26,34.13],[129.26,34.12],[129.25,34.11],[129.24,34.11],[129.24,34.1],[129.23,34.11],[129.23,34.1],[129.22,34.1],[129.21,34.08]]],[[[129.72,33.7],[129.7,33.71],[129.69,33.71],[129.69,33.72],[129.69,33.73],[129.69,33.72],[129.68,33.73],[129.68,33.74],[129.69,33.74],[129.68,33.75],[129.67,33.76],[129.67,33.75],[129.66,33.75],[129.66,33.74],[129.65,33.74],[129.65,33.75],[129.65,33.76],[129.64,33.76],[129.64,33.77],[129.65,33.77],[129.66,33.77],[129.67,33.77],[129.68,33.76],[129.68,33.77],[129.68,33.78],[129.66,33.78],[129.66,33.79],[129.65,33.8],[129.66,33.8],[129.67,33.8],[129.66,33.81],[129.67,33.8],[129.68,33.81],[129.68,33.82],[129.67,33.83],[129.68,33.85],[129.68,33.84],[129.68,33.85],[129.69,33.86],[129.69,33.85],[129.7,33.86],[129.71,33.85],[129.72,33.85],[129.75,33.85],[129.76,33.84],[129.77,33.84],[129.76,33.83],[129.76,33.82],[129.76,33.81],[129.75,33.81],[129.74,33.81],[129.75,33.81],[129.76,33.8],[129.78,33.8],[129.8,33.79],[129.79,33.78],[129.77,33.78],[129.76,33.78],[129.77,33.77],[129.78,33.77],[129.79,33.76],[129.8,33.75],[129.79,33.76],[129.79,33.75],[129.79,33.74],[129.78,33.74],[129.77,33.74],[129.76,33.74],[129.75,33.74],[129.74,33.74],[129.73,33.73],[129.72,33.72],[129.72,33.71],[129.72,33.7]]],[[[129.37,33.17],[129.35,33.18],[129.36,33.19],[129.35,33.2],[129.36,33.2],[129.36,33.19],[129.37,33.19],[129.38,33.19],[129.39,33.18],[129.39,33.19],[129.4,33.18],[129.4,33.19],[129.41,33.2],[129.39,33.2],[129.38,33.21],[129.38,33.22],[129.38,33.23],[129.39,33.23],[129.4,33.24],[129.41,33.24],[129.42,33.22],[129.42,33.24],[129.43,33.24],[129.42,33.24],[129.43,33.25],[129.42,33.25],[129.41,33.25],[129.4,33.25],[129.4,33.27],[129.41,33.27],[129.42,33.28],[129.43,33.28],[129.42,33.29],[129.44,33.29],[129.45,33.3],[129.44,33.3],[129.44,33.31],[129.44,33.32],[129.44,33.33],[129.44,33.34],[129.44,33.35],[129.45,33.35],[129.47,33.35],[129.48,33.35],[129.5,33.36],[129.5,33.37],[129.51,33.37],[129.51,33.38],[129.52,33.38],[129.52,33.37],[129.51,33.36],[129.52,33.35],[129.52,33.36],[129.53,33.37],[129.52,33.38],[129.53,33.38],[129.54,33.37],[129.54,33.38],[129.55,33.39],[129.54,33.39],[129.53,33.39],[129.52,33.39],[129.53,33.4],[129.52,33.41],[129.53,33.4],[129.54,33.41],[129.56,33.4],[129.56,33.39],[129.55,33.39],[129.56,33.39],[129.56,33.38],[129.55,33.37],[129.56,33.37],[129.56,33.36],[129.57,33.36],[129.56,33.35],[129.55,33.34],[129.54,33.33],[129.52,33.33],[129.51,33.33],[129.52,33.32],[129.53,33.31],[129.52,33.3],[129.51,33.3],[129.5,33.3],[129.51,33.29],[129.5,33.29],[129.49,33.28],[129.48,33.28],[129.5,33.28],[129.5,33.27],[129.49,33.25],[129.48,33.23],[129.47,33.23],[129.45,33.21],[129.44,33.2],[129.42,33.18],[129.38,33.17],[129.37,33.17]]],[[[129.63,33.36],[129.63,33.37],[129.64,33.36],[129.65,33.37],[129.66,33.37],[129.66,33.38],[129.66,33.39],[129.67,33.4],[129.68,33.39],[129.67,33.37],[129.67,33.36],[129.68,33.35],[129.69,33.36],[129.69,33.35],[129.7,33.35],[129.71,33.35],[129.72,33.35],[129.73,33.36],[129.74,33.37],[129.76,33.35],[129.77,33.35],[129.77,33.36],[129.77,33.37],[129.79,33.37],[129.79,33.35],[129.78,33.33],[129.76,33.31],[129.76,33.29],[129.79,33.26],[129.81,33.24],[129.81,33.23],[129.81,33.22],[129.81,33.21],[129.82,33.19],[129.84,33.17],[129.86,33.17],[129.87,33.17],[129.88,33.16],[129.89,33.16],[129.91,33.16],[129.92,33.16],[129.94,33.17],[129.95,33.13],[129.95,33.12],[129.93,33.11],[129.92,33.11],[129.93,33.09],[129.94,33.08],[129.95,33.07],[129.98,33.06],[129.99,33.05],[129.99,33.04],[130.0,33.03],[130.02,33.02],[130.03,33.01],[130.04,33.0],[130.05,32.99],[130.08,32.99],[130.09,32.97],[130.1,32.97],[130.12,32.97],[130.14,32.97],[130.16,32.96],[130.18,32.96],[130.2,32.96],[130.2,32.94],[130.2,32.93],[130.19,32.93],[130.19,32.92],[130.18,32.92],[130.17,32.91],[130.16,32.91],[130.16,32.9],[130.14,32.9],[130.13,32.89],[130.11,32.89],[130.09,32.87],[130.09,32.86],[130.12,32.87],[130.13,32.84],[130.15,32.85],[130.16,32.84],[130.18,32.84],[130.19,32.84],[130.19,32.85],[130.2,32.85],[130.23,32.87],[130.24,32.87],[130.26,32.87],[130.27,32.87],[130.28,32.88],[130.29,32.88],[130.31,32.88],[130.31,32.87],[130.32,32.87],[130.34,32.86],[130.34,32.85],[130.35,32.83],[130.36,32.81],[130.37,32.79],[130.38,32.78],[130.37,32.77],[130.37,32.76],[130.37,32.75],[130.37,32.74],[130.35,32.72],[130.34,32.71],[130.36,32.69],[130.35,32.68],[130.34,32.67],[130.33,32.67],[130.33,32.66],[130.31,32.66],[130.29,32.65],[130.28,32.65],[130.26,32.65],[130.26,32.64],[130.25,32.63],[130.23,32.61],[130.21,32.61],[130.2,32.61],[130.19,32.61],[130.19,32.6],[130.18,32.59],[130.17,32.6],[130.17,32.62],[130.16,32.63],[130.15,32.62],[130.14,32.64],[130.13,32.66],[130.13,32.67],[130.13,32.69],[130.13,32.68],[130.14,32.68],[130.16,32.69],[130.17,32.69],[130.17,32.7],[130.19,32.72],[130.2,32.73],[130.21,32.75],[130.2,32.76],[130.19,32.76],[130.19,32.77],[130.18,32.79],[130.15,32.79],[130.12,32.79],[130.09,32.79],[130.07,32.79],[130.03,32.76],[130.01,32.76],[130,32.76],[129.99,32.75],[129.98,32.76],[129.97,32.76],[129.95,32.76],[129.95,32.75],[129.95,32.74],[129.94,32.73],[129.93,32.72],[129.92,32.71],[129.91,32.71],[129.91,32.7],[129.9,32.68],[129.9,32.67],[129.88,32.65],[129.87,32.65],[129.86,32.64],[129.85,32.64],[129.84,32.64],[129.83,32.63],[129.84,32.62],[129.83,32.61],[129.81,32.6],[129.79,32.59],[129.78,32.58],[129.78,32.57],[129.76,32.58],[129.75,32.58],[129.74,32.57],[129.74,32.59],[129.75,32.59],[129.75,32.58],[129.76,32.59],[129.75,32.59],[129.77,32.6],[129.78,32.61],[129.79,32.61],[129.79,32.62],[129.79,32.63],[129.8,32.64],[129.81,32.66],[129.82,32.67],[129.82,32.68],[129.81,32.69],[129.81,32.68],[129.8,32.68],[129.79,32.69],[129.81,32.69],[129.81,32.7],[129.82,32.7],[129.82,32.71],[129.82,32.7],[129.83,32.69],[129.84,32.7],[129.85,32.7],[129.85,32.72],[129.86,32.72],[129.87,32.74],[129.87,32.75],[129.86,32.75],[129.86,32.74],[129.85,32.74],[129.85,32.73],[129.85,32.72],[129.84,32.72],[129.83,32.72],[129.82,32.72],[129.83,32.73],[129.83,32.74],[129.83,32.75],[129.82,32.74],[129.81,32.75],[129.81,32.76],[129.8,32.76],[129.79,32.77],[129.8,32.77],[129.79,32.78],[129.78,32.79],[129.78,32.8],[129.77,32.8],[129.77,32.82],[129.76,32.82],[129.75,32.82],[129.74,32.81],[129.73,32.81],[129.72,32.82],[129.71,32.83],[129.7,32.83],[129.7,32.84],[129.69,32.85],[129.68,32.87],[129.67,32.88],[129.66,32.91],[129.65,32.92],[129.64,32.93],[129.64,32.92],[129.64,32.93],[129.63,32.93],[129.64,32.93],[129.64,32.94],[129.64,32.93],[129.63,32.95],[129.62,32.95],[129.63,32.95],[129.63,32.96],[129.63,32.98],[129.63,32.99],[129.64,32.99],[129.65,32.99],[129.65,33.0],[129.66,33.0],[129.65,33.01],[129.65,33.02],[129.65,33.04],[129.66,33.05],[129.66,33.06],[129.68,33.06],[129.67,33.07],[129.66,33.07],[129.67,33.07],[129.67,33.08],[129.68,33.08],[129.67,33.08],[129.67,33.09],[129.68,33.1],[129.69,33.09],[129.7,33.09],[129.7,33.08],[129.71,33.08],[129.71,33.09],[129.72,33.08],[129.72,33.07],[129.73,33.08],[129.74,33.06],[129.73,33.06],[129.73,33.05],[129.74,33.05],[129.74,33.06],[129.75,33.06],[129.76,33.05],[129.75,33.04],[129.74,33.03],[129.73,33.01],[129.74,33.0],[129.73,33.0],[129.74,33.0],[129.74,32.99],[129.75,33.0],[129.76,33.0],[129.77,33.0],[129.76,33.0],[129.75,33.0],[129.75,33.01],[129.76,33.02],[129.77,33.01],[129.78,33.01],[129.79,33.01],[129.8,33.01],[129.81,33.0],[129.81,32.99],[129.82,32.98],[129.82,32.97],[129.81,32.97],[129.81,32.96],[129.82,32.95],[129.82,32.94],[129.81,32.94],[129.81,32.93],[129.81,32.92],[129.8,32.92],[129.8,32.93],[129.8,32.94],[129.8,32.95],[129.79,32.95],[129.78,32.94],[129.78,32.93],[129.79,32.92],[129.79,32.9],[129.79,32.91],[129.8,32.91],[129.8,32.9],[129.81,32.89],[129.81,32.9],[129.8,32.88],[129.79,32.88],[129.79,32.89],[129.79,32.88],[129.79,32.87],[129.8,32.87],[129.8,32.86],[129.81,32.86],[129.82,32.86],[129.83,32.85],[129.84,32.84],[129.85,32.83],[129.85,32.84],[129.85,32.85],[129.85,32.86],[129.86,32.86],[129.86,32.85],[129.86,32.84],[129.87,32.85],[129.87,32.86],[129.88,32.87],[129.89,32.87],[129.9,32.88],[129.91,32.87],[129.92,32.86],[129.93,32.86],[129.95,32.86],[129.96,32.86],[129.96,32.85],[129.97,32.85],[129.98,32.84],[129.99,32.84],[130.0,32.84],[130.01,32.84],[130.01,32.85],[130,32.85],[129.99,32.85],[129.98,32.87],[129.97,32.87],[129.96,32.88],[129.97,32.89],[129.96,32.89],[129.95,32.89],[129.95,32.9],[129.95,32.91],[129.94,32.92],[129.93,32.92],[129.93,32.94],[129.93,32.96],[129.94,32.97],[129.93,32.98],[129.94,32.97],[129.95,32.98],[129.95,32.99],[129.94,33.0],[129.94,33.01],[129.92,33.03],[129.91,33.04],[129.9,33.05],[129.89,33.06],[129.87,33.06],[129.85,33.06],[129.85,33.05],[129.84,33.05],[129.83,33.04],[129.82,33.05],[129.82,33.06],[129.83,33.06],[129.84,33.06],[129.83,33.06],[129.82,33.07],[129.82,33.06],[129.8,33.07],[129.8,33.08],[129.79,33.08],[129.78,33.08],[129.77,33.08],[129.76,33.08],[129.77,33.09],[129.77,33.1],[129.76,33.1],[129.76,33.09],[129.76,33.08],[129.77,33.07],[129.78,33.07],[129.76,33.06],[129.77,33.05],[129.76,33.05],[129.76,33.06],[129.76,33.07],[129.75,33.06],[129.74,33.06],[129.74,33.07],[129.75,33.08],[129.74,33.08],[129.74,33.09],[129.73,33.1],[129.74,33.1],[129.75,33.1],[129.75,33.11],[129.74,33.12],[129.75,33.11],[129.76,33.12],[129.77,33.13],[129.76,33.14],[129.77,33.14],[129.78,33.14],[129.77,33.14],[129.76,33.14],[129.75,33.14],[129.74,33.14],[129.74,33.13],[129.73,33.14],[129.73,33.13],[129.73,33.12],[129.73,33.13],[129.73,33.14],[129.72,33.14],[129.72,33.15],[129.73,33.16],[129.72,33.16],[129.72,33.17],[129.71,33.16],[129.71,33.17],[129.71,33.16],[129.7,33.16],[129.7,33.14],[129.71,33.14],[129.71,33.12],[129.7,33.11],[129.68,33.11],[129.67,33.11],[129.66,33.1],[129.66,33.12],[129.66,33.13],[129.66,33.12],[129.67,33.13],[129.68,33.13],[129.68,33.14],[129.69,33.14],[129.7,33.14],[129.69,33.14],[129.68,33.15],[129.68,33.16],[129.67,33.17],[129.67,33.16],[129.66,33.16],[129.66,33.17],[129.65,33.17],[129.64,33.17],[129.64,33.18],[129.65,33.18],[129.65,33.19],[129.66,33.19],[129.65,33.19],[129.64,33.2],[129.65,33.21],[129.64,33.22],[129.64,33.21],[129.64,33.2],[129.62,33.19],[129.62,33.2],[129.62,33.21],[129.6,33.2],[129.6,33.21],[129.61,33.22],[129.6,33.22],[129.6,33.21],[129.59,33.21],[129.6,33.22],[129.59,33.21],[129.58,33.21],[129.58,33.22],[129.58,33.21],[129.57,33.22],[129.56,33.22],[129.55,33.22],[129.56,33.22],[129.56,33.23],[129.55,33.23],[129.56,33.23],[129.57,33.23],[129.57,33.24],[129.56,33.24],[129.56,33.25],[129.57,33.25],[129.56,33.26],[129.57,33.26],[129.57,33.27],[129.58,33.28],[129.58,33.27],[129.59,33.27],[129.59,33.28],[129.59,33.29],[129.58,33.29],[129.59,33.29],[129.6,33.3],[129.61,33.31],[129.6,33.31],[129.58,33.31],[129.57,33.31],[129.56,33.33],[129.57,33.34],[129.58,33.36],[129.57,33.37],[129.58,33.38],[129.59,33.38],[129.6,33.37],[129.61,33.37],[129.62,33.37],[129.62,33.36],[129.63,33.36]]],[[[129.06,32.82],[129.05,32.82],[129.04,32.82],[129.04,32.83],[129.05,32.84],[129.04,32.85],[129.04,32.86],[129.05,32.87],[129.04,32.87],[129.04,32.88],[129.05,32.87],[129.05,32.88],[129.04,32.89],[129.05,32.88],[129.06,32.88],[129.05,32.89],[129.06,32.89],[129.05,32.89],[129.04,32.9],[129.04,32.91],[129.05,32.9],[129.06,32.91],[129.06,32.9],[129.07,32.9],[129.06,32.91],[129.05,32.91],[129.05,32.92],[129.04,32.92],[129.03,32.92],[129.02,32.92],[129.03,32.93],[129.04,32.93],[129.04,32.94],[129.03,32.95],[129.03,32.94],[129.02,32.94],[129.01,32.94],[129.0,32.94],[128.99,32.95],[129.0,32.95],[129.0,32.96],[129.0,32.97],[129.01,32.98],[129.02,32.96],[129.02,32.97],[129.03,32.96],[129.03,32.97],[129.04,32.98],[129.05,32.96],[129.05,32.97],[129.06,32.98],[129.05,32.98],[129.04,32.99],[129.04,33.0],[129.04,33.01],[129.04,33.02],[129.05,33.03],[129.05,33.04],[129.07,33.04],[129.07,33.02],[129.09,33.03],[129.08,33.03],[129.08,33.04],[129.08,33.05],[129.07,33.06],[129.08,33.06],[129.08,33.07],[129.1,33.08],[129.1,33.09],[129.1,33.1],[129.1,33.11],[129.1,33.12],[129.09,33.13],[129.11,33.15],[129.11,33.16],[129.11,33.15],[129.11,33.13],[129.11,33.11],[129.12,33.1],[129.12,33.09],[129.11,33.08],[129.11,33.07],[129.11,33.06],[129.1,33.06],[129.1,33.05],[129.09,33.04],[129.09,33.03],[129.09,33.02],[129.09,33.0],[129.1,33.0],[129.09,32.99],[129.09,32.98],[129.1,32.98],[129.11,32.98],[129.11,32.99],[129.12,32.98],[129.12,32.99],[129.13,32.99],[129.13,33.0],[129.14,33.0],[129.15,33.0],[129.16,33.0],[129.16,33.01],[129.17,33.0],[129.17,33.01],[129.18,33.0],[129.18,32.99],[129.18,32.97],[129.17,32.97],[129.15,32.96],[129.14,32.95],[129.14,32.94],[129.13,32.94],[129.12,32.94],[129.11,32.95],[129.1,32.95],[129.1,32.96],[129.1,32.95],[129.11,32.93],[129.1,32.93],[129.09,32.93],[129.09,32.92],[129.09,32.91],[129.09,32.9],[129.08,32.9],[129.08,32.89],[129.09,32.89],[129.09,32.88],[129.09,32.87],[129.1,32.87],[129.1,32.86],[129.09,32.85],[129.07,32.86],[129.06,32.85],[129.06,32.84],[129.07,32.84],[129.06,32.83],[129.06,32.82]]],[[[128.77,32.57],[128.76,32.58],[128.75,32.59],[128.74,32.6],[128.72,32.61],[128.7,32.6],[128.69,32.6],[128.67,32.61],[128.65,32.6],[128.66,32.59],[128.64,32.59],[128.64,32.6],[128.63,32.6],[128.63,32.61],[128.62,32.61],[128.6,32.61],[128.61,32.63],[128.61,32.65],[128.62,32.64],[128.62,32.63],[128.61,32.62],[128.63,32.63],[128.63,32.62],[128.64,32.61],[128.65,32.61],[128.65,32.62],[128.67,32.63],[128.65,32.63],[128.64,32.62],[128.64,32.63],[128.64,32.64],[128.65,32.64],[128.64,32.65],[128.65,32.65],[128.66,32.64],[128.66,32.65],[128.65,32.66],[128.66,32.66],[128.67,32.65],[128.67,32.67],[128.66,32.67],[128.65,32.68],[128.65,32.69],[128.65,32.7],[128.66,32.7],[128.66,32.71],[128.65,32.71],[128.65,32.72],[128.65,32.75],[128.65,32.76],[128.64,32.76],[128.65,32.77],[128.66,32.78],[128.67,32.78],[128.68,32.78],[128.68,32.77],[128.69,32.77],[128.7,32.75],[128.69,32.75],[128.69,32.74],[128.7,32.74],[128.71,32.74],[128.71,32.75],[128.72,32.75],[128.72,32.76],[128.73,32.76],[128.74,32.75],[128.73,32.75],[128.74,32.75],[128.73,32.74],[128.74,32.74],[128.75,32.75],[128.74,32.75],[128.75,32.76],[128.75,32.77],[128.76,32.77],[128.76,32.76],[128.77,32.74],[128.77,32.73],[128.78,32.74],[128.77,32.75],[128.79,32.76],[128.78,32.76],[128.77,32.76],[128.77,32.77],[128.78,32.78],[128.79,32.78],[128.79,32.79],[128.8,32.79],[128.81,32.8],[128.81,32.79],[128.81,32.78],[128.8,32.77],[128.82,32.77],[128.82,32.76],[128.81,32.76],[128.8,32.75],[128.81,32.75],[128.82,32.75],[128.83,32.76],[128.84,32.75],[128.83,32.75],[128.83,32.74],[128.83,32.75],[128.84,32.75],[128.85,32.75],[128.85,32.74],[128.84,32.74],[128.84,32.72],[128.84,32.71],[128.84,32.7],[128.85,32.7],[128.85,32.69],[128.86,32.69],[128.88,32.67],[128.89,32.66],[128.9,32.65],[128.89,32.64],[128.88,32.64],[128.87,32.64],[128.84,32.64],[128.83,32.64],[128.82,32.64],[128.82,32.65],[128.81,32.65],[128.8,32.65],[128.79,32.65],[128.77,32.64],[128.77,32.63],[128.77,32.62],[128.77,32.61],[128.78,32.61],[128.79,32.61],[128.79,32.59],[128.78,32.59],[128.77,32.58],[128.77,32.57]]]]}},{"type":"Feature","properties":{"nam_ja":"秋田県","id":5},"geometry":{"type":"MultiPolygon","coordinates":[[[[140.88,40.51],[140.87,40.47],[140.89,40.42],[140.91,40.43],[140.94,40.42],[140.95,40.43],[140.99,40.43],[140.98,40.42],[140.98,40.41],[140.99,40.39],[140.99,40.37],[140.99,40.35],[140.98,40.34],[140.97,40.35],[140.97,40.34],[140.96,40.33],[140.96,40.3],[140.95,40.29],[140.96,40.28],[140.95,40.27],[140.95,40.25],[140.94,40.25],[140.93,40.23],[140.91,40.22],[140.9,40.22],[140.9,40.21],[140.87,40.18],[140.86,40.17],[140.87,40.16],[140.88,40.15],[140.87,40.14],[140.87,40.12],[140.88,40.11],[140.88,40.1],[140.87,40.09],[140.86,40.09],[140.84,40.07],[140.85,40.05],[140.85,40.03],[140.85,40.02],[140.85,40.0],[140.85,39.97],[140.86,39.95],[140.85,39.94],[140.85,39.92],[140.87,39.91],[140.88,39.89],[140.87,39.87],[140.86,39.87],[140.84,39.87],[140.83,39.88],[140.83,39.89],[140.82,39.88],[140.79,39.87],[140.78,39.87],[140.78,39.86],[140.79,39.84],[140.79,39.82],[140.81,39.82],[140.82,39.82],[140.84,39.81],[140.85,39.79],[140.82,39.78],[140.81,39.76],[140.8,39.75],[140.77,39.73],[140.78,39.73],[140.79,39.72],[140.81,39.71],[140.82,39.69],[140.82,39.67],[140.82,39.65],[140.81,39.62],[140.8,39.6],[140.78,39.6],[140.77,39.59],[140.76,39.58],[140.74,39.57],[140.73,39.55],[140.74,39.53],[140.73,39.52],[140.72,39.51],[140.72,39.5],[140.71,39.49],[140.72,39.48],[140.69,39.46],[140.69,39.44],[140.68,39.42],[140.67,39.42],[140.66,39.42],[140.66,39.4],[140.66,39.39],[140.68,39.39],[140.68,39.37],[140.69,39.35],[140.7,39.34],[140.71,39.34],[140.7,39.32],[140.7,39.31],[140.7,39.3],[140.72,39.3],[140.72,39.27],[140.75,39.26],[140.76,39.26],[140.77,39.25],[140.79,39.24],[140.77,39.22],[140.77,39.2],[140.78,39.19],[140.8,39.19],[140.8,39.18],[140.79,39.17],[140.77,39.17],[140.76,39.14],[140.75,39.13],[140.77,39.12],[140.76,39.11],[140.76,39.1],[140.75,39.09],[140.76,39.08],[140.78,39.08],[140.8,39.08],[140.8,39.07],[140.81,39.06],[140.8,39.04],[140.79,39.03],[140.79,39.02],[140.77,39.0],[140.77,38.98],[140.77,38.96],[140.75,38.96],[140.73,38.94],[140.72,38.93],[140.71,38.93],[140.71,38.92],[140.7,38.92],[140.68,38.92],[140.67,38.9],[140.65,38.89],[140.64,38.88],[140.62,38.89],[140.61,38.89],[140.59,38.88],[140.57,38.88],[140.56,38.87],[140.55,38.89],[140.53,38.9],[140.51,38.9],[140.49,38.9],[140.49,38.91],[140.48,38.92],[140.46,38.92],[140.45,38.94],[140.45,38.95],[140.45,38.97],[140.45,38.98],[140.43,38.99],[140.41,38.99],[140.39,38.99],[140.37,39.0],[140.36,39.02],[140.34,39.03],[140.32,39.03],[140.31,39.01],[140.29,39.02],[140.27,39.03],[140.25,39.03],[140.23,39.03],[140.2,39.04],[140.2,39.05],[140.19,39.06],[140.17,39.05],[140.16,39.05],[140.14,39.07],[140.12,39.07],[140.1,39.08],[140.07,39.1],[140.01,39.12],[140.0,39.11],[139.95,39.11],[139.87,39.12],[139.88,39.13],[139.89,39.15],[139.91,39.19],[139.89,39.2],[139.89,39.21],[139.9,39.22],[139.91,39.25],[139.91,39.26],[139.93,39.29],[139.94,39.29],[139.95,39.29],[139.97,39.3],[140.0,39.34],[140.02,39.39],[140.02,39.4],[140.05,39.51],[140.06,39.61],[140.05,39.74],[140.05,39.75],[140.04,39.76],[140.05,39.76],[140.05,39.77],[140.04,39.76],[140.04,39.77],[140.04,39.78],[140.04,39.79],[140.02,39.84],[139.97,39.88],[139.94,39.89],[139.89,39.9],[139.86,39.9],[139.85,39.89],[139.86,39.89],[139.85,39.88],[139.86,39.88],[139.86,39.87],[139.85,39.87],[139.84,39.86],[139.82,39.87],[139.8,39.87],[139.79,39.86],[139.78,39.86],[139.77,39.86],[139.76,39.86],[139.75,39.86],[139.74,39.87],[139.74,39.88],[139.74,39.89],[139.74,39.9],[139.72,39.91],[139.71,39.92],[139.71,39.93],[139.7,39.94],[139.71,39.95],[139.72,39.96],[139.71,39.96],[139.7,39.97],[139.7,39.98],[139.7,39.99],[139.7,40.0],[139.71,40],[139.72,39.98],[139.74,39.98],[139.77,39.98],[139.79,39.96],[139.81,39.96],[139.88,40],[139.91,40.03],[139.97,40.13],[139.99,40.18],[139.99,40.2],[140.0,40.21],[140.0,40.22],[140.01,40.22],[140.0,40.22],[140.03,40.33],[140.02,40.36],[140.0,40.38],[139.98,40.39],[139.97,40.4],[139.96,40.41],[139.95,40.42],[139.96,40.43],[139.97,40.43],[139.99,40.43],[140,40.43],[140.01,40.43],[140.02,40.43],[140.03,40.44],[140.03,40.46],[140.05,40.46],[140.07,40.47],[140.08,40.46],[140.1,40.45],[140.11,40.44],[140.14,40.44],[140.15,40.44],[140.19,40.44],[140.21,40.44],[140.24,40.44],[140.25,40.44],[140.28,40.45],[140.3,40.44],[140.32,40.44],[140.34,40.44],[140.34,40.45],[140.35,40.47],[140.36,40.48],[140.38,40.48],[140.4,40.48],[140.41,40.48],[140.44,40.48],[140.44,40.46],[140.45,40.45],[140.47,40.46],[140.48,40.45],[140.5,40.43],[140.53,40.43],[140.52,40.41],[140.54,40.4],[140.56,40.4],[140.57,40.4],[140.55,40.42],[140.56,40.43],[140.58,40.43],[140.6,40.43],[140.62,40.42],[140.63,40.42],[140.63,40.4],[140.65,40.4],[140.67,40.41],[140.68,40.42],[140.69,40.42],[140.7,40.43],[140.71,40.43],[140.72,40.42],[140.74,40.42],[140.73,40.43],[140.74,40.44],[140.75,40.44],[140.77,40.45],[140.79,40.45],[140.81,40.47],[140.81,40.49],[140.83,40.5],[140.84,40.5],[140.85,40.51],[140.88,40.51]]]]}},{"type":"Feature","properties":{"nam_ja":"岡山県","id":33},"geometry":{"type":"MultiPolygon","coordinates":[[[[134.01,35.35],[134.01,35.34],[134.0,35.32],[134.01,35.31],[134.03,35.31],[134.05,35.3],[134.07,35.3],[134.08,35.3],[134.09,35.31],[134.1,35.3],[134.11,35.29],[134.13,35.28],[134.14,35.27],[134.15,35.26],[134.14,35.25],[134.14,35.24],[134.16,35.23],[134.16,35.22],[134.15,35.19],[134.17,35.18],[134.17,35.17],[134.19,35.19],[134.2,35.19],[134.22,35.19],[134.23,35.2],[134.25,35.2],[134.26,35.21],[134.28,35.2],[134.29,35.2],[134.32,35.2],[134.34,35.22],[134.36,35.23],[134.37,35.24],[134.38,35.25],[134.4,35.24],[134.38,35.22],[134.38,35.21],[134.39,35.19],[134.41,35.18],[134.41,35.16],[134.41,35.15],[134.39,35.15],[134.37,35.15],[134.36,35.13],[134.36,35.12],[134.35,35.1],[134.35,35.09],[134.34,35.09],[134.33,35.09],[134.32,35.07],[134.32,35.05],[134.31,35.05],[134.3,35.04],[134.29,35.04],[134.27,35.02],[134.26,35.01],[134.27,35.01],[134.28,35.0],[134.29,35.0],[134.27,34.99],[134.27,34.98],[134.27,34.97],[134.26,34.95],[134.25,34.95],[134.26,34.94],[134.28,34.93],[134.28,34.92],[134.29,34.91],[134.29,34.9],[134.28,34.9],[134.27,34.89],[134.26,34.88],[134.26,34.87],[134.25,34.86],[134.26,34.85],[134.26,34.84],[134.27,34.83],[134.28,34.83],[134.29,34.82],[134.31,34.81],[134.32,34.8],[134.32,34.78],[134.32,34.77],[134.33,34.77],[134.32,34.76],[134.31,34.74],[134.32,34.73],[134.29,34.74],[134.27,34.73],[134.27,34.72],[134.25,34.72],[134.23,34.72],[134.22,34.72],[134.23,34.73],[134.22,34.73],[134.2,34.73],[134.19,34.74],[134.18,34.74],[134.19,34.73],[134.2,34.72],[134.19,34.72],[134.2,34.72],[134.21,34.72],[134.2,34.71],[134.22,34.71],[134.23,34.71],[134.24,34.71],[134.24,34.7],[134.23,34.69],[134.21,34.68],[134.22,34.68],[134.2,34.67],[134.21,34.67],[134.19,34.66],[134.2,34.66],[134.19,34.65],[134.18,34.65],[134.17,34.65],[134.17,34.63],[134.18,34.63],[134.19,34.63],[134.17,34.62],[134.16,34.62],[134.14,34.61],[134.14,34.6],[134.13,34.6],[134.12,34.59],[134.1,34.59],[134.1,34.58],[134.07,34.58],[134.05,34.6],[134.06,34.6],[134.06,34.61],[134.05,34.61],[134.05,34.6],[134.04,34.61],[134.03,34.6],[134.0,34.61],[133.99,34.61],[133.98,34.6],[133.97,34.6],[133.96,34.6],[133.95,34.59],[133.96,34.59],[133.99,34.59],[134.0,34.59],[134.02,34.6],[134.03,34.6],[134.04,34.59],[134.04,34.58],[134.03,34.57],[134.03,34.56],[134.03,34.55],[134.02,34.55],[134.01,34.55],[134.0,34.55],[134.0,34.53],[133.99,34.53],[134.0,34.52],[133.98,34.53],[133.96,34.52],[133.96,34.51],[133.96,34.5],[133.96,34.49],[133.95,34.49],[133.94,34.48],[133.93,34.47],[133.94,34.47],[133.94,34.46],[133.93,34.45],[133.92,34.46],[133.93,34.45],[133.91,34.45],[133.88,34.46],[133.86,34.47],[133.85,34.47],[133.84,34.47],[133.83,34.47],[133.82,34.47],[133.81,34.46],[133.81,34.44],[133.82,34.43],[133.8,34.44],[133.79,34.44],[133.78,34.44],[133.77,34.46],[133.76,34.47],[133.76,34.48],[133.75,34.49],[133.74,34.52],[133.73,34.5],[133.72,34.5],[133.74,34.47],[133.72,34.47],[133.7,34.48],[133.7,34.54],[133.69,34.53],[133.68,34.52],[133.69,34.51],[133.68,34.51],[133.67,34.51],[133.68,34.52],[133.66,34.52],[133.65,34.51],[133.64,34.5],[133.62,34.5],[133.62,34.49],[133.59,34.49],[133.6,34.47],[133.59,34.47],[133.57,34.47],[133.54,34.46],[133.52,34.48],[133.52,34.49],[133.51,34.5],[133.5,34.5],[133.49,34.5],[133.49,34.51],[133.5,34.5],[133.52,34.48],[133.53,34.47],[133.52,34.45],[133.51,34.45],[133.5,34.45],[133.48,34.44],[133.47,34.45],[133.49,34.46],[133.47,34.46],[133.46,34.47],[133.45,34.48],[133.45,34.49],[133.45,34.51],[133.45,34.53],[133.45,34.54],[133.44,34.56],[133.43,34.57],[133.42,34.59],[133.41,34.59],[133.4,34.6],[133.39,34.61],[133.39,34.63],[133.39,34.64],[133.39,34.65],[133.4,34.67],[133.39,34.67],[133.38,34.68],[133.38,34.69],[133.37,34.71],[133.37,34.72],[133.36,34.73],[133.37,34.75],[133.37,34.76],[133.37,34.77],[133.38,34.78],[133.37,34.79],[133.38,34.8],[133.37,34.81],[133.36,34.82],[133.35,34.83],[133.34,34.83],[133.33,34.84],[133.33,34.85],[133.32,34.86],[133.31,34.87],[133.3,34.89],[133.29,34.9],[133.3,34.91],[133.31,34.94],[133.3,34.96],[133.31,34.97],[133.32,34.98],[133.32,35.0],[133.32,35.01],[133.3,35.02],[133.29,35.03],[133.28,35.04],[133.27,35.05],[133.28,35.07],[133.29,35.08],[133.29,35.09],[133.3,35.1],[133.31,35.1],[133.32,35.09],[133.33,35.1],[133.35,35.1],[133.37,35.11],[133.39,35.11],[133.41,35.12],[133.41,35.14],[133.4,35.16],[133.39,35.17],[133.4,35.18],[133.41,35.18],[133.42,35.18],[133.45,35.17],[133.46,35.18],[133.47,35.18],[133.48,35.18],[133.5,35.19],[133.52,35.19],[133.53,35.18],[133.52,35.19],[133.52,35.21],[133.51,35.23],[133.52,35.24],[133.54,35.24],[133.55,35.24],[133.57,35.26],[133.57,35.27],[133.57,35.29],[133.58,35.3],[133.59,35.32],[133.59,35.33],[133.6,35.35],[133.61,35.34],[133.62,35.34],[133.64,35.34],[133.67,35.32],[133.69,35.32],[133.71,35.32],[133.72,35.32],[133.73,35.32],[133.74,35.32],[133.75,35.31],[133.76,35.31],[133.78,35.3],[133.79,35.29],[133.8,35.29],[133.81,35.27],[133.82,35.26],[133.83,35.25],[133.84,35.25],[133.86,35.27],[133.86,35.28],[133.86,35.29],[133.88,35.29],[133.89,35.3],[133.91,35.31],[133.92,35.31],[133.93,35.32],[133.94,35.33],[133.95,35.34],[133.96,35.35],[133.99,35.35],[134.01,35.35]]]]}},{"type":"Feature","properties":{"nam_ja":"福岡県","id":40},"geometry":{"type":"MultiPolygon","coordinates":[[[[130.67,33.92],[130.68,33.92],[130.68,33.94],[130.69,33.94],[130.71,33.94],[130.72,33.93],[130.74,33.93],[130.75,33.93],[130.77,33.95],[130.76,33.93],[130.76,33.92],[130.75,33.93],[130.75,33.92],[130.81,33.93],[130.82,33.92],[130.81,33.91],[130.81,33.9],[130.78,33.89],[130.76,33.88],[130.78,33.89],[130.75,33.88],[130.74,33.87],[130.77,33.88],[130.78,33.88],[130.8,33.89],[130.8,33.87],[130.8,33.89],[130.82,33.9],[130.82,33.91],[130.84,33.93],[130.86,33.92],[130.85,33.92],[130.86,33.92],[130.85,33.91],[130.85,33.9],[130.85,33.91],[130.87,33.91],[130.88,33.91],[130.87,33.9],[130.88,33.9],[130.88,33.89],[130.89,33.89],[130.9,33.89],[130.92,33.9],[130.94,33.93],[130.95,33.94],[130.96,33.94],[130.96,33.95],[130.96,33.96],[130.97,33.96],[130.99,33.96],[131.0,33.97],[131.01,33.97],[131.02,33.96],[131.02,33.95],[131.02,33.94],[131.01,33.94],[131.01,33.93],[131.0,33.92],[131.01,33.92],[131.0,33.91],[131.0,33.9],[130.99,33.9],[130.99,33.89],[131.0,33.89],[131.0,33.87],[131.0,33.88],[130.99,33.88],[130.99,33.89],[130.99,33.88],[130.98,33.86],[131.0,33.87],[130.99,33.85],[130.98,33.84],[130.98,33.83],[130.96,33.84],[130.98,33.81],[131.0,33.81],[131.0,33.8],[130.99,33.79],[131.0,33.8],[130.99,33.79],[131.0,33.79],[130.99,33.77],[131.0,33.77],[131.02,33.77],[131.0,33.75],[131.01,33.75],[131.02,33.74],[131.01,33.73],[131.03,33.7],[131.05,33.69],[131.06,33.68],[131.07,33.66],[131.08,33.65],[131.09,33.63],[131.09,33.62],[131.1,33.62],[131.11,33.62],[131.11,33.63],[131.12,33.63],[131.13,33.63],[131.14,33.63],[131.16,33.62],[131.17,33.62],[131.18,33.62],[131.18,33.59],[131.17,33.58],[131.19,33.56],[131.17,33.53],[131.17,33.51],[131.16,33.51],[131.14,33.5],[131.13,33.5],[131.11,33.51],[131.1,33.5],[131.07,33.51],[131.06,33.51],[131.04,33.51],[131.03,33.52],[131.01,33.51],[131.0,33.51],[130.99,33.51],[130.97,33.51],[130.96,33.5],[130.94,33.49],[130.93,33.48],[130.93,33.47],[130.91,33.45],[130.9,33.44],[130.89,33.42],[130.88,33.39],[130.88,33.38],[130.87,33.38],[130.86,33.36],[130.84,33.35],[130.84,33.33],[130.85,33.34],[130.86,33.31],[130.86,33.29],[130.86,33.27],[130.86,33.26],[130.85,33.26],[130.83,33.26],[130.82,33.25],[130.83,33.24],[130.84,33.23],[130.86,33.23],[130.85,33.22],[130.84,33.21],[130.86,33.2],[130.87,33.19],[130.88,33.18],[130.87,33.17],[130.87,33.15],[130.86,33.12],[130.85,33.11],[130.83,33.11],[130.82,33.11],[130.81,33.12],[130.78,33.12],[130.77,33.12],[130.76,33.13],[130.75,33.14],[130.74,33.15],[130.72,33.15],[130.7,33.15],[130.69,33.15],[130.69,33.17],[130.68,33.17],[130.67,33.16],[130.66,33.14],[130.66,33.12],[130.65,33.11],[130.64,33.11],[130.63,33.11],[130.62,33.11],[130.59,33.11],[130.58,33.12],[130.56,33.1],[130.57,33.09],[130.55,33.08],[130.54,33.08],[130.53,33.07],[130.52,33.07],[130.5,33.06],[130.5,33.04],[130.51,33.02],[130.51,33.01],[130.51,33.0],[130.5,33.01],[130.48,33.0],[130.44,33.0],[130.41,33.0],[130.41,33.01],[130.42,33.01],[130.42,33.02],[130.41,33.01],[130.42,33.03],[130.43,33.04],[130.42,33.05],[130.41,33.09],[130.39,33.1],[130.39,33.11],[130.38,33.13],[130.37,33.14],[130.36,33.15],[130.35,33.18],[130.34,33.2],[130.36,33.21],[130.38,33.23],[130.37,33.24],[130.39,33.25],[130.39,33.26],[130.4,33.25],[130.42,33.26],[130.43,33.27],[130.43,33.29],[130.44,33.28],[130.44,33.26],[130.45,33.28],[130.46,33.29],[130.46,33.3],[130.49,33.31],[130.48,33.33],[130.5,33.33],[130.51,33.34],[130.52,33.34],[130.54,33.34],[130.54,33.39],[130.54,33.44],[130.53,33.44],[130.51,33.44],[130.5,33.44],[130.48,33.44],[130.46,33.43],[130.46,33.42],[130.44,33.41],[130.44,33.4],[130.42,33.4],[130.41,33.4],[130.4,33.42],[130.39,33.43],[130.37,33.43],[130.36,33.43],[130.34,33.44],[130.31,33.46],[130.3,33.46],[130.28,33.47],[130.26,33.48],[130.24,33.47],[130.23,33.48],[130.22,33.48],[130.2,33.48],[130.19,33.48],[130.19,33.47],[130.17,33.47],[130.15,33.48],[130.14,33.47],[130.11,33.48],[130.1,33.47],[130.07,33.47],[130.06,33.47],[130.04,33.47],[130.05,33.49],[130.04,33.5],[130.07,33.5],[130.08,33.51],[130.09,33.5],[130.1,33.52],[130.1,33.51],[130.11,33.51],[130.13,33.52],[130.13,33.53],[130.15,33.54],[130.16,33.54],[130.16,33.55],[130.15,33.56],[130.14,33.55],[130.13,33.56],[130.12,33.55],[130.12,33.56],[130.13,33.57],[130.12,33.57],[130.1,33.56],[130.09,33.58],[130.1,33.59],[130.11,33.59],[130.13,33.59],[130.16,33.61],[130.15,33.62],[130.17,33.63],[130.18,33.63],[130.2,33.64],[130.21,33.65],[130.21,33.66],[130.23,33.66],[130.23,33.64],[130.23,33.63],[130.25,33.61],[130.27,33.61],[130.27,33.59],[130.26,33.59],[130.27,33.58],[130.28,33.58],[130.29,33.58],[130.3,33.58],[130.31,33.59],[130.31,33.6],[130.32,33.6],[130.32,33.59],[130.33,33.59],[130.33,33.6],[130.34,33.6],[130.35,33.59],[130.35,33.6],[130.36,33.6],[130.37,33.6],[130.37,33.61],[130.38,33.6],[130.38,33.59],[130.39,33.59],[130.39,33.6],[130.4,33.61],[130.4,33.6],[130.4,33.61],[130.41,33.61],[130.4,33.62],[130.41,33.62],[130.4,33.63],[130.41,33.64],[130.42,33.64],[130.42,33.65],[130.41,33.65],[130.4,33.65],[130.42,33.66],[130.43,33.66],[130.43,33.67],[130.42,33.68],[130.43,33.68],[130.43,33.69],[130.42,33.69],[130.41,33.68],[130.4,33.68],[130.39,33.67],[130.36,33.66],[130.36,33.64],[130.34,33.65],[130.31,33.66],[130.3,33.66],[130.29,33.68],[130.3,33.69],[130.31,33.67],[130.34,33.66],[130.37,33.67],[130.4,33.69],[130.41,33.7],[130.42,33.71],[130.43,33.72],[130.46,33.73],[130.47,33.77],[130.46,33.79],[130.45,33.79],[130.45,33.8],[130.44,33.81],[130.45,33.81],[130.46,33.81],[130.48,33.85],[130.48,33.86],[130.5,33.85],[130.53,33.87],[130.52,33.89],[130.54,33.89],[130.56,33.89],[130.57,33.88],[130.59,33.88],[130.65,33.89],[130.66,33.9],[130.67,33.9],[130.66,33.91],[130.66,33.92],[130.67,33.92]]]]}},{"type":"Feature","properties":{"nam_ja":"岐阜県","id":21},"geometry":{"type":"MultiPolygon","coordinates":[[[[137.06,36.37],[137.08,36.38],[137.09,36.39],[137.1,36.4],[137.11,36.42],[137.12,36.42],[137.13,36.43],[137.14,36.44],[137.15,36.45],[137.17,36.46],[137.18,36.45],[137.19,36.45],[137.21,36.43],[137.21,36.44],[137.23,36.45],[137.25,36.46],[137.26,36.46],[137.28,36.46],[137.3,36.46],[137.32,36.46],[137.31,36.44],[137.3,36.44],[137.32,36.43],[137.33,36.43],[137.35,36.43],[137.36,36.44],[137.37,36.45],[137.39,36.46],[137.39,36.45],[137.41,36.43],[137.42,36.42],[137.43,36.42],[137.45,36.41],[137.47,36.42],[137.49,36.42],[137.51,36.42],[137.52,36.41],[137.54,36.39],[137.57,36.39],[137.59,36.39],[137.59,36.37],[137.62,36.37],[137.64,36.34],[137.65,36.33],[137.65,36.32],[137.65,36.3],[137.63,36.27],[137.61,36.26],[137.61,36.25],[137.59,36.23],[137.58,36.22],[137.57,36.22],[137.58,36.2],[137.59,36.19],[137.59,36.17],[137.58,36.16],[137.56,36.14],[137.55,36.14],[137.56,36.12],[137.55,36.11],[137.57,36.1],[137.58,36.09],[137.59,36.08],[137.61,36.08],[137.61,36.06],[137.6,36.05],[137.6,36.03],[137.58,36.0],[137.57,36.0],[137.56,35.99],[137.54,35.97],[137.53,35.96],[137.52,35.94],[137.5,35.93],[137.49,35.92],[137.48,35.91],[137.48,35.89],[137.46,35.89],[137.44,35.91],[137.42,35.9],[137.37,35.88],[137.37,35.87],[137.36,35.84],[137.33,35.84],[137.33,35.83],[137.33,35.81],[137.34,35.8],[137.36,35.8],[137.37,35.8],[137.39,35.8],[137.4,35.78],[137.42,35.77],[137.43,35.77],[137.45,35.76],[137.46,35.76],[137.47,35.74],[137.48,35.73],[137.49,35.71],[137.49,35.7],[137.5,35.69],[137.51,35.68],[137.53,35.67],[137.54,35.65],[137.54,35.64],[137.53,35.63],[137.52,35.62],[137.51,35.61],[137.52,35.6],[137.54,35.59],[137.55,35.59],[137.57,35.59],[137.57,35.57],[137.57,35.55],[137.57,35.54],[137.59,35.54],[137.6,35.53],[137.62,35.53],[137.63,35.51],[137.63,35.5],[137.63,35.48],[137.63,35.47],[137.62,35.47],[137.61,35.46],[137.61,35.44],[137.62,35.42],[137.63,35.41],[137.63,35.4],[137.61,35.39],[137.6,35.39],[137.59,35.39],[137.58,35.39],[137.59,35.38],[137.6,35.36],[137.6,35.35],[137.6,35.33],[137.59,35.33],[137.58,35.32],[137.57,35.32],[137.57,35.31],[137.56,35.31],[137.56,35.3],[137.56,35.28],[137.54,35.28],[137.53,35.28],[137.52,35.27],[137.51,35.27],[137.5,35.26],[137.49,35.26],[137.48,35.25],[137.46,35.24],[137.45,35.24],[137.44,35.23],[137.43,35.23],[137.41,35.24],[137.4,35.24],[137.38,35.25],[137.38,35.26],[137.37,35.26],[137.34,35.26],[137.34,35.28],[137.33,35.28],[137.32,35.28],[137.3,35.29],[137.29,35.29],[137.28,35.29],[137.26,35.29],[137.26,35.27],[137.25,35.27],[137.24,35.26],[137.23,35.26],[137.22,35.26],[137.21,35.25],[137.2,35.25],[137.19,35.25],[137.18,35.26],[137.18,35.27],[137.17,35.28],[137.15,35.28],[137.13,35.29],[137.12,35.3],[137.1,35.29],[137.08,35.29],[137.08,35.31],[137.07,35.31],[137.07,35.34],[137.06,35.34],[137.05,35.34],[137.05,35.36],[137.04,35.37],[137.03,35.38],[137.0,35.38],[137.0,35.39],[136.99,35.4],[136.99,35.41],[136.99,35.42],[136.97,35.42],[136.96,35.41],[136.92,35.38],[136.89,35.38],[136.86,35.37],[136.81,35.36],[136.79,35.37],[136.77,35.37],[136.75,35.34],[136.74,35.32],[136.7,35.28],[136.68,35.25],[136.68,35.2],[136.67,35.16],[136.67,35.13],[136.65,35.17],[136.64,35.15],[136.62,35.15],[136.61,35.17],[136.6,35.18],[136.59,35.18],[136.59,35.19],[136.58,35.2],[136.57,35.2],[136.56,35.22],[136.55,35.22],[136.54,35.23],[136.54,35.25],[136.53,35.26],[136.52,35.25],[136.51,35.24],[136.5,35.24],[136.48,35.24],[136.47,35.23],[136.45,35.23],[136.44,35.22],[136.43,35.23],[136.41,35.22],[136.4,35.23],[136.39,35.23],[136.38,35.25],[136.39,35.26],[136.39,35.29],[136.4,35.3],[136.41,35.31],[136.41,35.33],[136.42,35.35],[136.41,35.35],[136.41,35.36],[136.41,35.37],[136.42,35.37],[136.44,35.39],[136.43,35.4],[136.41,35.42],[136.42,35.43],[136.42,35.44],[136.42,35.47],[136.4,35.47],[136.39,35.49],[136.39,35.51],[136.4,35.51],[136.4,35.53],[136.38,35.53],[136.37,35.55],[136.36,35.56],[136.35,35.54],[136.34,35.55],[136.33,35.55],[136.32,35.55],[136.32,35.58],[136.32,35.61],[136.32,35.62],[136.3,35.62],[136.29,35.63],[136.28,35.64],[136.29,35.66],[136.29,35.67],[136.29,35.69],[136.31,35.71],[136.32,35.72],[136.32,35.74],[136.32,35.75],[136.33,35.78],[136.34,35.78],[136.36,35.79],[136.37,35.79],[136.39,35.79],[136.41,35.78],[136.43,35.78],[136.45,35.77],[136.46,35.78],[136.48,35.78],[136.5,35.76],[136.5,35.75],[136.51,35.76],[136.51,35.77],[136.54,35.78],[136.56,35.78],[136.58,35.78],[136.59,35.8],[136.6,35.79],[136.61,35.79],[136.63,35.79],[136.64,35.8],[136.65,35.8],[136.67,35.79],[136.68,35.79],[136.7,35.79],[136.72,35.8],[136.74,35.8],[136.76,35.81],[136.78,35.8],[136.79,35.81],[136.8,35.84],[136.83,35.85],[136.83,35.87],[136.82,35.88],[136.82,35.9],[136.81,35.91],[136.79,35.92],[136.78,35.93],[136.79,35.95],[136.77,35.95],[136.75,35.97],[136.75,35.99],[136.73,36.01],[136.73,36.02],[136.73,36.05],[136.74,36.06],[136.76,36.07],[136.76,36.08],[136.76,36.1],[136.77,36.13],[136.78,36.14],[136.77,36.16],[136.79,36.17],[136.8,36.19],[136.82,36.2],[136.82,36.21],[136.83,36.23],[136.85,36.25],[136.84,36.26],[136.83,36.27],[136.81,36.27],[136.81,36.28],[136.79,36.3],[136.81,36.3],[136.83,36.31],[136.84,36.32],[136.84,36.34],[136.85,36.35],[136.87,36.35],[136.87,36.37],[136.87,36.36],[136.87,36.35],[136.88,36.35],[136.88,36.34],[136.9,36.35],[136.92,36.36],[136.94,36.35],[136.96,36.34],[136.96,36.32],[136.97,36.3],[136.96,36.29],[136.96,36.28],[136.97,36.28],[136.99,36.29],[137.01,36.29],[137.01,36.3],[137.02,36.31],[137.04,36.32],[137.05,36.34],[137.05,36.35],[137.06,36.37]]]]}},{"type":"Feature","properties":{"nam_ja":"青森県","id":2},"geometry":{"type":"MultiPolygon","coordinates":[[[[140.78,41.21],[140.78,41.24],[140.78,41.25],[140.79,41.27],[140.8,41.29],[140.8,41.3],[140.8,41.32],[140.8,41.33],[140.82,41.34],[140.83,41.37],[140.83,41.41],[140.84,41.41],[140.84,41.42],[140.85,41.42],[140.86,41.43],[140.87,41.44],[140.87,41.45],[140.88,41.46],[140.89,41.47],[140.9,41.48],[140.91,41.49],[140.91,41.5],[140.9,41.53],[140.91,41.53],[140.92,41.54],[140.94,41.53],[140.95,41.52],[140.96,41.52],[140.97,41.5],[141.0,41.49],[141.02,41.48],[141.04,41.48],[141.07,41.48],[141.09,41.47],[141.1,41.47],[141.11,41.47],[141.12,41.46],[141.12,41.45],[141.14,41.43],[141.16,41.42],[141.17,41.41],[141.18,41.4],[141.19,41.39],[141.25,41.36],[141.3,41.35],[141.37,41.37],[141.42,41.4],[141.44,41.41],[141.45,41.42],[141.46,41.43],[141.47,41.42],[141.46,41.4],[141.46,41.39],[141.46,41.38],[141.45,41.37],[141.44,41.34],[141.39,41.17],[141.39,41.13],[141.39,41.11],[141.4,41.1],[141.39,41.08],[141.39,40.97],[141.39,40.93],[141.39,40.92],[141.42,40.75],[141.44,40.68],[141.44,40.67],[141.47,40.59],[141.47,40.58],[141.49,40.57],[141.49,40.56],[141.5,40.56],[141.51,40.55],[141.5,40.54],[141.52,40.53],[141.53,40.53],[141.54,40.53],[141.55,40.53],[141.56,40.54],[141.57,40.54],[141.58,40.54],[141.58,40.53],[141.6,40.52],[141.61,40.51],[141.62,40.51],[141.62,40.5],[141.63,40.49],[141.64,40.48],[141.65,40.47],[141.66,40.47],[141.67,40.46],[141.68,40.45],[141.67,40.44],[141.65,40.43],[141.62,40.42],[141.6,40.41],[141.59,40.4],[141.58,40.39],[141.58,40.38],[141.57,40.37],[141.55,40.36],[141.54,40.35],[141.52,40.35],[141.5,40.36],[141.49,40.37],[141.47,40.38],[141.46,40.37],[141.44,40.37],[141.43,40.36],[141.41,40.36],[141.39,40.36],[141.38,40.34],[141.37,40.34],[141.36,40.33],[141.35,40.34],[141.34,40.34],[141.34,40.36],[141.33,40.37],[141.32,40.37],[141.29,40.36],[141.29,40.35],[141.26,40.35],[141.25,40.34],[141.23,40.33],[141.22,40.32],[141.2,40.31],[141.17,40.31],[141.15,40.3],[141.12,40.29],[141.11,40.26],[141.1,40.26],[141.08,40.25],[141.07,40.25],[141.04,40.24],[141.02,40.22],[141.01,40.22],[140.99,40.22],[140.98,40.23],[140.97,40.23],[140.96,40.25],[140.95,40.26],[140.95,40.28],[140.95,40.29],[140.94,40.3],[140.96,40.32],[140.97,40.34],[140.97,40.35],[140.99,40.35],[140.99,40.36],[141.0,40.37],[140.99,40.4],[140.98,40.41],[140.98,40.42],[140.97,40.43],[140.94,40.43],[140.93,40.42],[140.91,40.42],[140.88,40.43],[140.88,40.5],[140.87,40.51],[140.85,40.51],[140.84,40.5],[140.82,40.5],[140.81,40.48],[140.8,40.45],[140.79,40.46],[140.76,40.45],[140.75,40.44],[140.73,40.44],[140.74,40.43],[140.73,40.42],[140.72,40.42],[140.71,40.43],[140.69,40.43],[140.69,40.42],[140.68,40.41],[140.66,40.41],[140.64,40.41],[140.63,40.42],[140.61,40.42],[140.59,40.44],[140.57,40.43],[140.56,40.43],[140.56,40.42],[140.57,40.4],[140.55,40.4],[140.54,40.41],[140.52,40.42],[140.53,40.43],[140.5,40.44],[140.48,40.45],[140.46,40.46],[140.44,40.45],[140.43,40.47],[140.43,40.48],[140.4,40.48],[140.39,40.49],[140.38,40.48],[140.36,40.48],[140.35,40.46],[140.34,40.45],[140.32,40.44],[140.31,40.44],[140.3,40.45],[140.27,40.44],[140.25,40.44],[140.22,40.43],[140.2,40.44],[140.17,40.44],[140.15,40.44],[140.12,40.44],[140.11,40.44],[140.1,40.45],[140.08,40.47],[140.05,40.47],[140.04,40.46],[140.03,40.45],[140.02,40.44],[140.02,40.42],[140.01,40.43],[140.0,40.43],[139.99,40.43],[139.96,40.43],[139.94,40.43],[139.94,40.45],[139.94,40.47],[139.95,40.49],[139.95,40.52],[139.94,40.56],[139.93,40.56],[139.93,40.58],[139.91,40.59],[139.9,40.58],[139.88,40.58],[139.87,40.59],[139.86,40.6],[139.86,40.61],[139.87,40.62],[139.89,40.63],[139.9,40.64],[139.91,40.64],[139.92,40.64],[139.93,40.65],[139.94,40.66],[139.94,40.67],[139.96,40.68],[139.97,40.7],[139.98,40.7],[139.99,40.72],[140.0,40.74],[140.0,40.75],[140.02,40.75],[140.03,40.76],[140.05,40.77],[140.08,40.76],[140.09,40.75],[140.14,40.75],[140.17,40.77],[140.19,40.78],[140.21,40.78],[140.25,40.8],[140.27,40.84],[140.3,40.92],[140.32,41.0],[140.32,41.09],[140.3,41.11],[140.29,41.12],[140.28,41.12],[140.26,41.12],[140.25,41.13],[140.26,41.14],[140.27,41.14],[140.29,41.14],[140.3,41.13],[140.31,41.14],[140.32,41.15],[140.33,41.16],[140.33,41.18],[140.33,41.19],[140.33,41.2],[140.33,41.21],[140.33,41.22],[140.33,41.23],[140.34,41.24],[140.34,41.26],[140.35,41.26],[140.36,41.25],[140.37,41.25],[140.38,41.24],[140.4,41.24],[140.42,41.22],[140.43,41.2],[140.46,41.19],[140.48,41.18],[140.52,41.21],[140.52,41.22],[140.53,41.22],[140.54,41.22],[140.55,41.23],[140.56,41.22],[140.56,41.23],[140.57,41.22],[140.58,41.22],[140.59,41.22],[140.62,41.2],[140.64,41.18],[140.64,41.15],[140.63,41.1],[140.64,41.08],[140.65,41.05],[140.65,41.0],[140.68,40.89],[140.7,40.86],[140.71,40.85],[140.72,40.85],[140.73,40.84],[140.73,40.83],[140.74,40.83],[140.75,40.83],[140.76,40.83],[140.78,40.83],[140.79,40.84],[140.8,40.84],[140.82,40.85],[140.82,40.86],[140.83,40.87],[140.84,40.87],[140.85,40.88],[140.86,40.89],[140.86,40.9],[140.87,40.9],[140.87,40.92],[140.87,40.94],[140.87,40.95],[140.86,40.95],[140.85,40.95],[140.84,40.95],[140.85,40.95],[140.86,40.96],[140.87,40.98],[140.86,40.99],[140.87,40.99],[140.88,41.01],[140.9,41.01],[140.91,41.0],[140.92,41.0],[140.93,40.99],[140.94,41.0],[140.95,40.99],[140.98,40.96],[140.98,40.95],[140.98,40.94],[140.97,40.93],[141.0,40.94],[141.02,40.93],[141.04,40.92],[141.07,40.91],[141.09,40.88],[141.11,40.87],[141.12,40.87],[141.15,40.88],[141.2,40.93],[141.24,41.05],[141.25,41.09],[141.25,41.11],[141.26,41.13],[141.27,41.14],[141.28,41.17],[141.22,41.25],[141.19,41.28],[141.17,41.28],[141.16,41.28],[141.14,41.25],[141.13,41.24],[141.16,41.25],[141.16,41.26],[141.14,41.24],[141.12,41.21],[141.07,41.2],[141.05,41.18],[141.01,41.2],[140.99,41.2],[140.97,41.2],[140.94,41.18],[140.91,41.18],[140.88,41.17],[140.86,41.16],[140.83,41.15],[140.82,41.14],[140.81,41.13],[140.79,41.13],[140.78,41.14],[140.77,41.14],[140.77,41.15],[140.77,41.17],[140.76,41.19],[140.78,41.21]]]]}},{"type":"Feature","properties":{"nam_ja":"大阪府","id":27},"geometry":{"type":"MultiPolygon","coordinates":[[[[135.37,35.05],[135.38,35.04],[135.38,35.02],[135.39,35.01],[135.4,35.01],[135.42,35.0],[135.44,35.01],[135.46,35.0],[135.48,34.99],[135.49,34.99],[135.48,34.98],[135.49,34.97],[135.48,34.97],[135.49,34.96],[135.49,34.95],[135.5,34.95],[135.52,34.93],[135.54,34.92],[135.55,34.92],[135.57,34.92],[135.58,34.94],[135.56,34.93],[135.56,34.94],[135.57,34.95],[135.57,34.96],[135.58,34.98],[135.6,34.97],[135.61,34.97],[135.62,34.96],[135.61,34.94],[135.6,34.93],[135.62,34.93],[135.63,34.94],[135.64,34.93],[135.65,34.92],[135.65,34.91],[135.66,34.9],[135.67,34.9],[135.68,34.88],[135.69,34.87],[135.69,34.86],[135.71,34.85],[135.72,34.83],[135.73,34.82],[135.74,34.8],[135.74,34.79],[135.73,34.78],[135.71,34.78],[135.71,34.77],[135.71,34.75],[135.7,34.75],[135.7,34.72],[135.68,34.71],[135.67,34.69],[135.67,34.67],[135.67,34.65],[135.66,34.64],[135.66,34.61],[135.65,34.61],[135.67,34.6],[135.68,34.59],[135.68,34.58],[135.67,34.58],[135.66,34.56],[135.66,34.55],[135.65,34.54],[135.66,34.54],[135.67,34.53],[135.68,34.51],[135.67,34.5],[135.68,34.49],[135.68,34.47],[135.69,34.45],[135.67,34.43],[135.67,34.42],[135.68,34.41],[135.68,34.4],[135.65,34.38],[135.64,34.38],[135.61,34.38],[135.6,34.38],[135.58,34.38],[135.56,34.37],[135.55,34.36],[135.53,34.35],[135.5,34.34],[135.5,34.35],[135.48,34.36],[135.47,34.35],[135.45,34.35],[135.43,34.35],[135.42,34.34],[135.41,34.34],[135.4,34.33],[135.39,34.33],[135.38,34.33],[135.36,34.33],[135.35,34.33],[135.34,34.34],[135.33,34.32],[135.31,34.31],[135.3,34.3],[135.29,34.3],[135.28,34.32],[135.26,34.32],[135.23,34.3],[135.21,34.3],[135.2,34.29],[135.19,34.28],[135.18,34.28],[135.15,34.27],[135.14,34.28],[135.13,34.27],[135.12,34.27],[135.11,34.27],[135.1,34.29],[135.1,34.3],[135.1,34.31],[135.09,34.31],[135.1,34.32],[135.12,34.32],[135.13,34.33],[135.14,34.32],[135.16,34.33],[135.18,34.34],[135.19,34.34],[135.2,34.34],[135.21,34.34],[135.23,34.35],[135.25,34.37],[135.25,34.38],[135.26,34.38],[135.27,34.39],[135.29,34.4],[135.29,34.42],[135.31,34.42],[135.32,34.42],[135.32,34.43],[135.33,34.43],[135.32,34.43],[135.33,34.44],[135.34,34.45],[135.35,34.46],[135.35,34.45],[135.36,34.46],[135.36,34.47],[135.37,34.47],[135.36,34.48],[135.37,34.48],[135.38,34.47],[135.38,34.48],[135.37,34.48],[135.38,34.48],[135.38,34.49],[135.37,34.49],[135.37,34.5],[135.37,34.51],[135.38,34.51],[135.37,34.52],[135.38,34.52],[135.38,34.53],[135.38,34.52],[135.39,34.51],[135.4,34.51],[135.4,34.52],[135.41,34.51],[135.41,34.52],[135.42,34.52],[135.43,34.53],[135.44,34.54],[135.44,34.55],[135.44,34.56],[135.42,34.56],[135.41,34.56],[135.4,34.6],[135.42,34.59],[135.42,34.57],[135.43,34.58],[135.43,34.59],[135.43,34.58],[135.44,34.58],[135.44,34.57],[135.45,34.57],[135.45,34.56],[135.45,34.57],[135.45,34.58],[135.46,34.57],[135.46,34.58],[135.45,34.58],[135.46,34.58],[135.47,34.58],[135.46,34.59],[135.46,34.58],[135.45,34.59],[135.46,34.59],[135.45,34.59],[135.44,34.59],[135.43,34.59],[135.43,34.6],[135.44,34.6],[135.45,34.6],[135.44,34.61],[135.42,34.62],[135.43,34.61],[135.43,34.62],[135.44,34.62],[135.45,34.61],[135.45,34.63],[135.45,34.64],[135.45,34.65],[135.44,34.65],[135.43,34.65],[135.42,34.66],[135.42,34.65],[135.42,34.66],[135.42,34.65],[135.41,34.65],[135.42,34.66],[135.43,34.67],[135.42,34.66],[135.42,34.67],[135.41,34.67],[135.42,34.68],[135.42,34.69],[135.41,34.69],[135.42,34.71],[135.45,34.72],[135.46,34.73],[135.46,34.75],[135.46,34.76],[135.45,34.77],[135.44,34.78],[135.44,34.79],[135.43,34.8],[135.42,34.83],[135.42,34.85],[135.43,34.87],[135.44,34.89],[135.44,34.9],[135.43,34.9],[135.42,34.91],[135.43,34.92],[135.46,34.92],[135.47,34.92],[135.47,34.93],[135.44,34.94],[135.43,34.94],[135.42,34.94],[135.41,34.94],[135.4,34.94],[135.39,34.95],[135.38,34.96],[135.36,34.96],[135.35,34.96],[135.35,34.98],[135.35,34.99],[135.35,35.01],[135.35,35.02],[135.34,35.03],[135.34,35.04],[135.35,35.05],[135.36,35.05],[135.37,35.05]]]]}},{"type":"Feature","properties":{"nam_ja":"長野県","id":20},"geometry":{"type":"MultiPolygon","coordinates":[[[[138.52,37.03],[138.54,37.02],[138.56,37.02],[138.57,37.01],[138.58,36.99],[138.59,36.97],[138.58,36.93],[138.59,36.93],[138.59,36.91],[138.61,36.91],[138.62,36.89],[138.64,36.88],[138.66,36.87],[138.69,36.86],[138.69,36.85],[138.69,36.83],[138.69,36.82],[138.69,36.8],[138.67,36.78],[138.68,36.77],[138.69,36.75],[138.68,36.74],[138.67,36.73],[138.66,36.73],[138.63,36.72],[138.62,36.71],[138.6,36.71],[138.58,36.7],[138.56,36.71],[138.54,36.7],[138.53,36.7],[138.52,36.69],[138.53,36.67],[138.53,36.65],[138.51,36.65],[138.49,36.64],[138.47,36.64],[138.46,36.63],[138.45,36.61],[138.44,36.6],[138.43,36.6],[138.42,36.57],[138.43,36.56],[138.41,36.54],[138.4,36.52],[138.4,36.5],[138.4,36.48],[138.4,36.46],[138.4,36.45],[138.42,36.43],[138.45,36.42],[138.46,36.41],[138.48,36.4],[138.49,36.41],[138.51,36.41],[138.54,36.4],[138.57,36.42],[138.59,36.42],[138.6,36.42],[138.62,36.42],[138.63,36.42],[138.65,36.41],[138.65,36.39],[138.66,36.37],[138.65,36.35],[138.65,36.33],[138.65,36.31],[138.65,36.3],[138.64,36.29],[138.63,36.29],[138.61,36.29],[138.6,36.27],[138.6,36.25],[138.61,36.24],[138.62,36.22],[138.64,36.2],[138.63,36.19],[138.64,36.17],[138.62,36.17],[138.61,36.16],[138.6,36.17],[138.59,36.18],[138.58,36.17],[138.58,36.16],[138.59,36.15],[138.6,36.14],[138.62,36.13],[138.63,36.13],[138.65,36.12],[138.64,36.11],[138.65,36.1],[138.63,36.09],[138.63,36.08],[138.64,36.05],[138.63,36.03],[138.65,36.02],[138.66,36.01],[138.68,36.0],[138.69,35.99],[138.7,35.99],[138.72,35.96],[138.73,35.95],[138.74,35.93],[138.73,35.92],[138.73,35.91],[138.71,35.91],[138.7,35.9],[138.69,35.89],[138.67,35.87],[138.66,35.87],[138.64,35.87],[138.62,35.87],[138.61,35.88],[138.61,35.91],[138.6,35.91],[138.59,35.92],[138.57,35.91],[138.56,35.92],[138.54,35.91],[138.53,35.91],[138.51,35.92],[138.5,35.91],[138.49,35.9],[138.47,35.9],[138.45,35.9],[138.45,35.92],[138.45,35.93],[138.44,35.95],[138.4,35.96],[138.38,35.97],[138.37,35.97],[138.36,35.96],[138.36,35.95],[138.34,35.93],[138.32,35.9],[138.28,35.86],[138.26,35.88],[138.24,35.88],[138.22,35.85],[138.2,35.83],[138.2,35.81],[138.19,35.81],[138.19,35.79],[138.2,35.78],[138.22,35.77],[138.24,35.76],[138.23,35.75],[138.2,35.73],[138.19,35.72],[138.19,35.7],[138.19,35.68],[138.21,35.66],[138.22,35.64],[138.2,35.62],[138.19,35.59],[138.19,35.57],[138.17,35.58],[138.15,35.57],[138.15,35.55],[138.16,35.55],[138.14,35.52],[138.14,35.5],[138.15,35.5],[138.16,35.47],[138.16,35.46],[138.13,35.45],[138.12,35.45],[138.12,35.43],[138.14,35.42],[138.13,35.41],[138.15,35.4],[138.14,35.38],[138.13,35.37],[138.1,35.35],[138.09,35.34],[138.08,35.34],[138.06,35.34],[138.05,35.34],[138.03,35.32],[138.02,35.3],[137.99,35.3],[137.97,35.29],[137.96,35.28],[137.93,35.28],[137.92,35.26],[137.89,35.26],[137.88,35.25],[137.88,35.23],[137.85,35.22],[137.84,35.22],[137.8,35.21],[137.78,35.21],[137.77,35.2],[137.77,35.21],[137.75,35.22],[137.73,35.22],[137.72,35.23],[137.71,35.23],[137.69,35.23],[137.67,35.23],[137.66,35.23],[137.65,35.22],[137.63,35.21],[137.62,35.21],[137.6,35.2],[137.58,35.2],[137.58,35.22],[137.55,35.24],[137.55,35.26],[137.56,35.28],[137.57,35.29],[137.56,35.3],[137.56,35.31],[137.57,35.31],[137.57,35.32],[137.58,35.32],[137.59,35.33],[137.6,35.33],[137.6,35.35],[137.6,35.36],[137.59,35.38],[137.58,35.39],[137.59,35.39],[137.6,35.39],[137.61,35.39],[137.63,35.4],[137.63,35.41],[137.62,35.42],[137.61,35.44],[137.61,35.46],[137.62,35.47],[137.63,35.47],[137.63,35.48],[137.63,35.5],[137.63,35.51],[137.62,35.53],[137.6,35.53],[137.59,35.54],[137.57,35.54],[137.57,35.55],[137.57,35.57],[137.57,35.59],[137.55,35.59],[137.54,35.59],[137.52,35.6],[137.51,35.61],[137.52,35.62],[137.53,35.63],[137.54,35.64],[137.54,35.65],[137.53,35.67],[137.51,35.68],[137.5,35.69],[137.49,35.7],[137.49,35.71],[137.48,35.73],[137.47,35.74],[137.46,35.76],[137.45,35.76],[137.43,35.77],[137.42,35.77],[137.4,35.78],[137.39,35.8],[137.37,35.8],[137.36,35.8],[137.34,35.8],[137.33,35.81],[137.33,35.83],[137.33,35.84],[137.36,35.84],[137.37,35.87],[137.37,35.88],[137.42,35.9],[137.44,35.91],[137.46,35.89],[137.48,35.89],[137.48,35.91],[137.49,35.92],[137.5,35.93],[137.52,35.94],[137.53,35.96],[137.54,35.97],[137.56,35.99],[137.57,36.0],[137.58,36.0],[137.6,36.03],[137.6,36.05],[137.61,36.06],[137.61,36.08],[137.59,36.08],[137.58,36.09],[137.57,36.1],[137.55,36.11],[137.56,36.12],[137.55,36.14],[137.56,36.14],[137.58,36.16],[137.59,36.17],[137.59,36.19],[137.58,36.2],[137.57,36.22],[137.58,36.22],[137.59,36.23],[137.61,36.25],[137.61,36.26],[137.63,36.27],[137.65,36.3],[137.65,36.32],[137.65,36.33],[137.64,36.34],[137.62,36.37],[137.59,36.37],[137.59,36.39],[137.6,36.4],[137.61,36.42],[137.62,36.42],[137.64,36.43],[137.65,36.46],[137.66,36.47],[137.66,36.49],[137.67,36.51],[137.68,36.51],[137.7,36.52],[137.7,36.53],[137.7,36.54],[137.68,36.54],[137.69,36.56],[137.72,36.58],[137.75,36.59],[137.75,36.6],[137.75,36.62],[137.76,36.65],[137.76,36.67],[137.76,36.69],[137.76,36.7],[137.75,36.72],[137.76,36.73],[137.75,36.75],[137.76,36.76],[137.76,36.77],[137.78,36.77],[137.82,36.8],[137.83,36.81],[137.84,36.83],[137.85,36.84],[137.87,36.86],[137.88,36.87],[137.87,36.88],[137.87,36.9],[137.87,36.91],[137.88,36.92],[137.9,36.91],[137.92,36.92],[137.95,36.91],[137.97,36.91],[137.99,36.91],[138.01,36.9],[138.02,36.89],[138.03,36.89],[138.02,36.86],[138.02,36.85],[138.0,36.83],[138.02,36.82],[138.03,36.82],[138.04,36.81],[138.05,36.81],[138.07,36.8],[138.08,36.83],[138.09,36.84],[138.1,36.84],[138.12,36.85],[138.13,36.85],[138.15,36.85],[138.18,36.85],[138.2,36.85],[138.21,36.87],[138.23,36.86],[138.26,36.87],[138.27,36.85],[138.29,36.85],[138.29,36.87],[138.3,36.89],[138.29,36.9],[138.3,36.91],[138.32,36.93],[138.34,36.92],[138.36,36.93],[138.36,36.95],[138.37,36.97],[138.38,36.98],[138.39,37.0],[138.41,37.0],[138.42,37.01],[138.45,37.02],[138.48,37.02],[138.49,37.02],[138.5,37.03],[138.52,37.03]]]]}},{"type":"Feature","properties":{"nam_ja":"大分県","id":44},"geometry":{"type":"MultiPolygon","coordinates":[[[[131.54,33.68],[131.55,33.68],[131.56,33.69],[131.57,33.67],[131.57,33.69],[131.59,33.69],[131.6,33.69],[131.61,33.68],[131.62,33.68],[131.62,33.67],[131.63,33.67],[131.64,33.68],[131.64,33.67],[131.65,33.67],[131.65,33.66],[131.66,33.67],[131.67,33.66],[131.68,33.65],[131.69,33.64],[131.7,33.61],[131.71,33.6],[131.73,33.59],[131.73,33.57],[131.74,33.56],[131.74,33.54],[131.73,33.52],[131.73,33.5],[131.74,33.5],[131.73,33.46],[131.72,33.46],[131.71,33.44],[131.7,33.41],[131.68,33.41],[131.66,33.41],[131.67,33.42],[131.66,33.42],[131.65,33.42],[131.63,33.42],[131.63,33.41],[131.63,33.4],[131.65,33.39],[131.65,33.38],[131.64,33.38],[131.62,33.37],[131.6,33.37],[131.6,33.35],[131.58,33.35],[131.59,33.35],[131.56,33.35],[131.54,33.36],[131.54,33.37],[131.51,33.36],[131.5,33.36],[131.5,33.35],[131.5,33.34],[131.5,33.33],[131.5,33.32],[131.5,33.31],[131.5,33.3],[131.51,33.27],[131.53,33.26],[131.56,33.26],[131.58,33.25],[131.59,33.25],[131.6,33.25],[131.61,33.26],[131.62,33.26],[131.63,33.26],[131.63,33.27],[131.66,33.27],[131.67,33.27],[131.68,33.27],[131.69,33.28],[131.7,33.27],[131.71,33.26],[131.73,33.25],[131.74,33.25],[131.75,33.25],[131.75,33.24],[131.76,33.24],[131.77,33.25],[131.77,33.24],[131.78,33.25],[131.77,33.24],[131.8,33.24],[131.83,33.25],[131.84,33.25],[131.85,33.25],[131.86,33.25],[131.87,33.25],[131.87,33.26],[131.89,33.27],[131.9,33.26],[131.89,33.25],[131.88,33.24],[131.87,33.24],[131.88,33.23],[131.87,33.22],[131.87,33.21],[131.87,33.2],[131.86,33.2],[131.85,33.19],[131.83,33.18],[131.83,33.17],[131.82,33.17],[131.82,33.16],[131.83,33.16],[131.83,33.15],[131.81,33.14],[131.8,33.13],[131.8,33.12],[131.81,33.12],[131.82,33.12],[131.83,33.12],[131.84,33.11],[131.86,33.12],[131.86,33.13],[131.87,33.13],[131.88,33.13],[131.88,33.12],[131.89,33.12],[131.9,33.13],[131.91,33.13],[131.91,33.12],[131.9,33.11],[131.89,33.11],[131.88,33.11],[131.87,33.1],[131.87,33.09],[131.86,33.09],[131.85,33.09],[131.86,33.08],[131.87,33.08],[131.89,33.07],[131.88,33.08],[131.9,33.08],[131.91,33.08],[131.91,33.07],[131.92,33.07],[131.93,33.07],[131.93,33.08],[131.93,33.09],[131.94,33.1],[131.94,33.09],[131.94,33.08],[131.94,33.07],[131.95,33.07],[131.96,33.07],[131.97,33.07],[131.97,33.06],[131.98,33.07],[131.99,33.07],[131.99,33.09],[132.0,33.09],[132.0,33.08],[132.0,33.06],[132.01,33.06],[131.99,33.05],[131.98,33.05],[131.95,33.05],[131.94,33.05],[131.93,33.05],[131.92,33.04],[131.92,33.03],[131.91,33.02],[131.91,33.0],[131.9,33.0],[131.9,33.01],[131.9,32.99],[131.89,32.99],[131.9,32.99],[131.9,32.98],[131.91,32.98],[131.91,32.97],[131.92,32.97],[131.92,32.96],[131.93,32.96],[131.95,32.96],[131.95,32.95],[131.96,32.95],[131.96,32.96],[131.97,32.96],[131.97,32.95],[131.97,32.94],[131.98,32.94],[131.99,32.95],[132.0,32.96],[132.0,32.95],[132.0,32.94],[132.01,32.94],[132.02,32.94],[132.03,32.94],[132.03,32.95],[132.04,32.95],[132.05,32.95],[132.07,32.94],[132.08,32.94],[132.08,32.93],[132.07,32.94],[132.06,32.94],[132.05,32.94],[132.04,32.93],[132.04,32.94],[132.02,32.93],[132.01,32.92],[132.01,32.91],[132.0,32.91],[131.99,32.92],[131.98,32.92],[131.98,32.91],[131.99,32.9],[131.99,32.89],[131.99,32.9],[132.0,32.9],[132.01,32.89],[132.0,32.88],[131.99,32.87],[131.97,32.87],[131.97,32.86],[131.97,32.85],[131.95,32.85],[131.95,32.84],[131.94,32.83],[131.96,32.84],[131.96,32.83],[131.97,32.82],[131.97,32.83],[131.97,32.84],[131.97,32.83],[131.98,32.82],[131.98,32.83],[131.98,32.84],[131.97,32.84],[132.0,32.84],[132.01,32.83],[131.99,32.82],[131.97,32.8],[131.98,32.8],[131.96,32.79],[131.95,32.81],[131.95,32.79],[131.93,32.79],[131.93,32.8],[131.92,32.8],[131.92,32.79],[131.91,32.79],[131.9,32.79],[131.9,32.8],[131.89,32.8],[131.89,32.78],[131.89,32.77],[131.9,32.77],[131.89,32.77],[131.87,32.79],[131.88,32.78],[131.87,32.77],[131.88,32.76],[131.87,32.75],[131.88,32.75],[131.89,32.75],[131.86,32.74],[131.84,32.75],[131.85,32.77],[131.85,32.79],[131.86,32.82],[131.84,32.82],[131.83,32.82],[131.81,32.83],[131.8,32.82],[131.79,32.83],[131.76,32.84],[131.75,32.83],[131.74,32.83],[131.73,32.82],[131.71,32.78],[131.7,32.77],[131.67,32.77],[131.64,32.77],[131.62,32.77],[131.6,32.77],[131.57,32.76],[131.55,32.76],[131.52,32.76],[131.51,32.78],[131.51,32.81],[131.5,32.82],[131.48,32.84],[131.46,32.83],[131.44,32.83],[131.42,32.81],[131.4,32.81],[131.39,32.81],[131.37,32.8],[131.35,32.82],[131.34,32.83],[131.33,32.84],[131.31,32.85],[131.28,32.87],[131.27,32.88],[131.25,32.9],[131.25,32.93],[131.25,32.94],[131.25,32.95],[131.25,32.96],[131.26,32.96],[131.26,32.98],[131.25,32.98],[131.25,32.99],[131.24,33.0],[131.23,33.01],[131.22,33.04],[131.21,33.06],[131.2,33.07],[131.19,33.07],[131.17,33.09],[131.17,33.1],[131.17,33.11],[131.17,33.13],[131.15,33.15],[131.13,33.17],[131.12,33.17],[131.1,33.19],[131.06,33.19],[131.05,33.19],[131.03,33.19],[131.01,33.18],[131.0,33.18],[130.99,33.18],[130.99,33.17],[130.98,33.15],[130.98,33.14],[130.99,33.13],[131.0,33.12],[131.01,33.11],[131.02,33.09],[131.02,33.08],[131.01,33.07],[131.01,33.05],[131.0,33.04],[131.0,33.03],[130.98,33.02],[130.96,33.04],[130.94,33.05],[130.92,33.05],[130.91,33.06],[130.9,33.07],[130.89,33.08],[130.87,33.09],[130.86,33.1],[130.85,33.09],[130.84,33.1],[130.85,33.11],[130.86,33.13],[130.88,33.15],[130.87,33.17],[130.89,33.19],[130.87,33.19],[130.84,33.21],[130.84,33.22],[130.85,33.22],[130.86,33.23],[130.84,33.23],[130.83,33.24],[130.82,33.25],[130.84,33.26],[130.85,33.26],[130.87,33.26],[130.86,33.27],[130.85,33.28],[130.87,33.29],[130.85,33.32],[130.84,33.34],[130.84,33.35],[130.86,33.37],[130.87,33.38],[130.88,33.38],[130.89,33.41],[130.89,33.42],[130.89,33.45],[130.92,33.46],[130.93,33.47],[130.93,33.48],[130.95,33.49],[130.97,33.5],[130.98,33.51],[130.99,33.51],[131.0,33.51],[131.02,33.51],[131.04,33.52],[131.05,33.51],[131.07,33.51],[131.09,33.51],[131.1,33.51],[131.12,33.5],[131.13,33.5],[131.15,33.51],[131.17,33.5],[131.17,33.52],[131.18,33.54],[131.19,33.56],[131.17,33.59],[131.18,33.6],[131.19,33.61],[131.2,33.62],[131.21,33.61],[131.22,33.6],[131.24,33.6],[131.24,33.61],[131.25,33.6],[131.27,33.59],[131.27,33.58],[131.29,33.58],[131.3,33.58],[131.32,33.58],[131.33,33.58],[131.35,33.57],[131.37,33.58],[131.38,33.58],[131.39,33.58],[131.4,33.57],[131.43,33.57],[131.43,33.58],[131.44,33.61],[131.47,33.62],[131.47,33.63],[131.48,33.64],[131.49,33.64],[131.5,33.65],[131.49,33.65],[131.5,33.66],[131.5,33.67],[131.51,33.67],[131.52,33.67],[131.52,33.68],[131.53,33.68],[131.54,33.68]]]]}},{"type":"Feature","properties":{"nam_ja":"三重県","id":24},"geometry":{"type":"MultiPolygon","coordinates":[[[[136.53,35.26],[136.54,35.25],[136.54,35.24],[136.55,35.23],[136.56,35.22],[136.56,35.21],[136.58,35.2],[136.58,35.19],[136.59,35.19],[136.6,35.18],[136.61,35.17],[136.62,35.15],[136.63,35.15],[136.64,35.16],[136.67,35.14],[136.68,35.13],[136.71,35.1],[136.73,35.09],[136.75,35.08],[136.76,35.03],[136.77,35.02],[136.75,35.04],[136.74,35.03],[136.73,35.03],[136.71,35.02],[136.7,35.02],[136.68,35.01],[136.67,35.0],[136.66,35.0],[136.65,34.99],[136.65,34.97],[136.65,34.96],[136.64,34.96],[136.64,34.95],[136.64,34.94],[136.66,34.95],[136.67,34.94],[136.65,34.93],[136.65,34.92],[136.65,34.91],[136.64,34.9],[136.64,34.89],[136.62,34.86],[136.59,34.83],[136.57,34.8],[136.53,34.75],[136.53,34.73],[136.53,34.68],[136.54,34.68],[136.55,34.67],[136.56,34.67],[136.55,34.66],[136.54,34.62],[136.53,34.62],[136.53,34.61],[136.54,34.61],[136.55,34.61],[136.56,34.61],[136.58,34.61],[136.62,34.6],[136.65,34.59],[136.66,34.56],[136.71,34.54],[136.75,34.53],[136.76,34.52],[136.79,34.51],[136.81,34.51],[136.81,34.5],[136.82,34.49],[136.82,34.48],[136.83,34.49],[136.82,34.5],[136.83,34.5],[136.84,34.49],[136.85,34.48],[136.85,34.47],[136.85,34.48],[136.87,34.48],[136.87,34.47],[136.87,34.46],[136.87,34.45],[136.88,34.45],[136.88,34.44],[136.88,34.43],[136.89,34.44],[136.88,34.44],[136.89,34.44],[136.89,34.45],[136.9,34.45],[136.91,34.46],[136.92,34.45],[136.92,34.44],[136.92,34.43],[136.92,34.42],[136.92,34.41],[136.92,34.4],[136.91,34.4],[136.91,34.39],[136.91,34.38],[136.9,34.38],[136.89,34.39],[136.88,34.39],[136.88,34.38],[136.87,34.38],[136.87,34.37],[136.86,34.36],[136.85,34.37],[136.84,34.37],[136.84,34.36],[136.83,34.36],[136.81,34.36],[136.83,34.35],[136.84,34.36],[136.85,34.37],[136.85,34.36],[136.86,34.36],[136.87,34.36],[136.86,34.35],[136.87,34.34],[136.87,34.35],[136.89,34.36],[136.9,34.36],[136.91,34.36],[136.9,34.35],[136.89,34.35],[136.88,34.33],[136.89,34.31],[136.89,34.3],[136.89,34.29],[136.9,34.29],[136.9,34.28],[136.88,34.27],[136.87,34.27],[136.87,34.26],[136.86,34.26],[136.85,34.26],[136.84,34.25],[136.82,34.25],[136.8,34.25],[136.79,34.26],[136.78,34.26],[136.77,34.26],[136.75,34.27],[136.76,34.27],[136.77,34.28],[136.78,34.28],[136.79,34.28],[136.79,34.27],[136.79,34.28],[136.8,34.28],[136.8,34.27],[136.81,34.27],[136.82,34.26],[136.82,34.27],[136.83,34.27],[136.83,34.26],[136.83,34.27],[136.83,34.26],[136.84,34.26],[136.84,34.27],[136.85,34.27],[136.86,34.27],[136.85,34.27],[136.86,34.27],[136.85,34.27],[136.85,34.28],[136.86,34.28],[136.85,34.28],[136.84,34.28],[136.84,34.27],[136.83,34.27],[136.83,34.28],[136.84,34.29],[136.85,34.29],[136.86,34.29],[136.85,34.29],[136.85,34.3],[136.84,34.29],[136.84,34.3],[136.83,34.3],[136.83,34.31],[136.84,34.3],[136.84,34.31],[136.85,34.3],[136.85,34.31],[136.84,34.31],[136.83,34.31],[136.82,34.32],[136.82,34.31],[136.81,34.31],[136.8,34.32],[136.81,34.32],[136.81,34.33],[136.8,34.32],[136.8,34.31],[136.8,34.3],[136.81,34.3],[136.8,34.3],[136.8,34.29],[136.79,34.29],[136.78,34.29],[136.78,34.3],[136.77,34.3],[136.78,34.31],[136.77,34.31],[136.78,34.32],[136.77,34.31],[136.76,34.31],[136.76,34.32],[136.76,34.31],[136.76,34.3],[136.75,34.3],[136.76,34.29],[136.75,34.29],[136.74,34.3],[136.72,34.3],[136.71,34.29],[136.7,34.29],[136.69,34.28],[136.69,34.29],[136.69,34.3],[136.69,34.31],[136.7,34.31],[136.7,34.32],[136.71,34.32],[136.71,34.33],[136.72,34.33],[136.73,34.33],[136.73,34.34],[136.72,34.34],[136.71,34.34],[136.71,34.35],[136.7,34.35],[136.69,34.35],[136.7,34.34],[136.69,34.33],[136.69,34.34],[136.68,34.34],[136.69,34.35],[136.68,34.34],[136.67,34.34],[136.66,34.35],[136.66,34.34],[136.67,34.34],[136.67,34.33],[136.66,34.33],[136.66,34.32],[136.65,34.32],[136.64,34.31],[136.65,34.31],[136.65,34.32],[136.66,34.31],[136.67,34.31],[136.67,34.32],[136.67,34.31],[136.68,34.32],[136.66,34.3],[136.65,34.29],[136.66,34.29],[136.64,34.29],[136.63,34.27],[136.62,34.27],[136.6,34.26],[136.59,34.26],[136.58,34.27],[136.59,34.27],[136.58,34.28],[136.57,34.28],[136.58,34.28],[136.59,34.29],[136.59,34.28],[136.6,34.28],[136.59,34.29],[136.58,34.29],[136.57,34.29],[136.56,34.29],[136.56,34.28],[136.55,34.28],[136.55,34.26],[136.55,34.25],[136.54,34.26],[136.54,34.27],[136.54,34.28],[136.53,34.27],[136.53,34.26],[136.53,34.27],[136.52,34.27],[136.51,34.28],[136.5,34.28],[136.5,34.27],[136.51,34.25],[136.52,34.24],[136.51,34.25],[136.5,34.25],[136.49,34.26],[136.49,34.25],[136.5,34.25],[136.5,34.24],[136.49,34.24],[136.5,34.24],[136.51,34.23],[136.5,34.23],[136.49,34.22],[136.48,34.23],[136.47,34.23],[136.46,34.23],[136.46,34.24],[136.47,34.25],[136.47,34.26],[136.46,34.25],[136.45,34.25],[136.44,34.25],[136.45,34.24],[136.46,34.23],[136.45,34.22],[136.43,34.22],[136.43,34.21],[136.42,34.21],[136.41,34.21],[136.4,34.2],[136.4,34.21],[136.39,34.22],[136.38,34.22],[136.39,34.21],[136.38,34.2],[136.37,34.2],[136.36,34.19],[136.36,34.2],[136.35,34.19],[136.35,34.2],[136.35,34.21],[136.34,34.21],[136.34,34.2],[136.32,34.2],[136.33,34.19],[136.34,34.19],[136.33,34.18],[136.32,34.18],[136.31,34.18],[136.3,34.18],[136.3,34.17],[136.29,34.16],[136.28,34.16],[136.29,34.15],[136.28,34.14],[136.28,34.13],[136.29,34.13],[136.29,34.12],[136.29,34.11],[136.3,34.12],[136.31,34.12],[136.32,34.11],[136.31,34.11],[136.31,34.1],[136.3,34.1],[136.3,34.09],[136.29,34.09],[136.28,34.09],[136.27,34.08],[136.27,34.09],[136.27,34.1],[136.26,34.09],[136.25,34.09],[136.25,34.1],[136.27,34.11],[136.27,34.12],[136.28,34.12],[136.27,34.13],[136.26,34.12],[136.24,34.11],[136.23,34.1],[136.24,34.09],[136.22,34.08],[136.21,34.08],[136.2,34.08],[136.21,34.07],[136.21,34.06],[136.23,34.07],[136.24,34.06],[136.24,34.07],[136.25,34.06],[136.24,34.05],[136.25,34.04],[136.26,34.03],[136.27,34.03],[136.28,34.02],[136.26,34.01],[136.25,34.02],[136.25,34.01],[136.27,34.01],[136.27,34.0],[136.27,33.99],[136.26,33.99],[136.27,33.99],[136.27,33.97],[136.25,33.96],[136.25,33.97],[136.24,33.97],[136.24,33.98],[136.25,33.98],[136.24,33.99],[136.22,34.0],[136.22,33.98],[136.2,33.97],[136.2,33.96],[136.22,33.97],[136.22,33.96],[136.23,33.95],[136.22,33.95],[136.22,33.93],[136.21,33.93],[136.21,33.94],[136.2,33.94],[136.19,33.94],[136.19,33.93],[136.2,33.93],[136.2,33.92],[136.19,33.92],[136.18,33.92],[136.17,33.92],[136.17,33.93],[136.15,33.93],[136.15,33.92],[136.15,33.91],[136.14,33.91],[136.15,33.9],[136.14,33.9],[136.13,33.89],[136.12,33.9],[136.12,33.89],[136.09,33.87],[136.06,33.82],[136.02,33.75],[136.02,33.73],[136.01,33.72],[136.0,33.73],[135.97,33.73],[135.97,33.72],[135.94,33.75],[135.92,33.76],[135.9,33.78],[135.9,33.79],[135.87,33.81],[135.86,33.83],[135.86,33.85],[135.86,33.87],[135.86,33.86],[135.87,33.86],[135.88,33.87],[135.9,33.87],[135.89,33.89],[135.89,33.88],[135.89,33.89],[135.88,33.91],[135.9,33.91],[135.9,33.92],[135.92,33.91],[135.93,33.92],[135.92,33.92],[135.92,33.93],[135.93,33.94],[135.96,33.93],[135.98,33.95],[135.98,33.97],[136.0,33.96],[136.01,33.97],[136.0,34.0],[136.0,34.01],[136.01,34.02],[136.03,34.03],[136.04,34.04],[136.06,34.03],[136.07,34.03],[136.08,34.03],[136.09,34.03],[136.1,34.03],[136.1,34.04],[136.09,34.06],[136.09,34.08],[136.1,34.09],[136.11,34.09],[136.11,34.1],[136.1,34.11],[136.1,34.12],[136.1,34.14],[136.11,34.15],[136.11,34.16],[136.1,34.17],[136.1,34.19],[136.1,34.2],[136.11,34.21],[136.12,34.21],[136.11,34.22],[136.12,34.23],[136.13,34.25],[136.13,34.26],[136.12,34.26],[136.11,34.28],[136.09,34.3],[136.11,34.31],[136.13,34.32],[136.12,34.33],[136.1,34.34],[136.1,34.36],[136.09,34.37],[136.07,34.39],[136.08,34.4],[136.09,34.41],[136.09,34.43],[136.1,34.44],[136.11,34.44],[136.12,34.44],[136.13,34.44],[136.15,34.44],[136.17,34.45],[136.21,34.45],[136.21,34.47],[136.23,34.49],[136.22,34.5],[136.22,34.51],[136.21,34.53],[136.18,34.52],[136.17,34.53],[136.16,34.55],[136.15,34.56],[136.14,34.56],[136.12,34.55],[136.11,34.55],[136.11,34.56],[136.1,34.56],[136.09,34.56],[136.08,34.56],[136.06,34.57],[136.05,34.58],[136.05,34.59],[136.05,34.6],[136.06,34.62],[136.07,34.63],[136.07,34.64],[136.06,34.65],[136.04,34.66],[136.07,34.66],[136.08,34.67],[136.08,34.68],[136.07,34.7],[136.06,34.7],[136.06,34.71],[136.07,34.72],[136.06,34.73],[136.05,34.74],[136.04,34.76],[136.03,34.76],[136.03,34.78],[136.02,34.78],[136.02,34.79],[136.04,34.79],[136.05,34.8],[136.06,34.8],[136.07,34.8],[136.08,34.81],[136.09,34.82],[136.09,34.83],[136.09,34.84],[136.1,34.84],[136.11,34.84],[136.12,34.86],[136.12,34.87],[136.11,34.87],[136.09,34.88],[136.09,34.89],[136.1,34.89],[136.11,34.9],[136.12,34.89],[136.14,34.89],[136.16,34.88],[136.17,34.89],[136.18,34.88],[136.19,34.88],[136.19,34.87],[136.2,34.87],[136.22,34.87],[136.23,34.86],[136.24,34.86],[136.25,34.86],[136.27,34.87],[136.29,34.87],[136.3,34.87],[136.32,34.89],[136.34,34.9],[136.36,34.9],[136.36,34.91],[136.37,34.92],[136.37,34.93],[136.39,34.95],[136.4,34.96],[136.41,34.98],[136.41,35.0],[136.42,35.0],[136.42,35.02],[136.42,35.03],[136.42,35.05],[136.43,35.06],[136.44,35.06],[136.44,35.08],[136.44,35.09],[136.44,35.11],[136.45,35.12],[136.44,35.14],[136.45,35.15],[136.45,35.16],[136.45,35.17],[136.44,35.17],[136.42,35.18],[136.41,35.2],[136.41,35.22],[136.43,35.23],[136.44,35.22],[136.46,35.24],[136.47,35.24],[136.48,35.24],[136.5,35.24],[136.51,35.24],[136.52,35.25],[136.53,35.26]]]]}},{"type":"Feature","properties":{"nam_ja":"広島県","id":34},"geometry":{"type":"MultiPolygon","coordinates":[[[[132.86,35.09],[132.87,35.1],[132.89,35.1],[132.91,35.09],[132.92,35.08],[132.93,35.08],[132.96,35.08],[132.98,35.09],[132.99,35.1],[133.0,35.1],[133.01,35.09],[133.02,35.08],[133.03,35.07],[133.05,35.07],[133.07,35.08],[133.09,35.08],[133.11,35.08],[133.12,35.08],[133.13,35.08],[133.14,35.07],[133.15,35.07],[133.16,35.07],[133.17,35.07],[133.2,35.07],[133.22,35.07],[133.23,35.08],[133.25,35.08],[133.26,35.06],[133.27,35.05],[133.28,35.04],[133.29,35.03],[133.3,35.02],[133.32,35.01],[133.32,35.0],[133.32,34.98],[133.31,34.97],[133.3,34.96],[133.31,34.94],[133.3,34.91],[133.29,34.9],[133.3,34.89],[133.31,34.87],[133.32,34.86],[133.33,34.85],[133.33,34.84],[133.34,34.83],[133.35,34.83],[133.36,34.82],[133.37,34.81],[133.38,34.8],[133.37,34.79],[133.38,34.78],[133.37,34.77],[133.37,34.76],[133.37,34.75],[133.36,34.73],[133.37,34.72],[133.37,34.71],[133.38,34.69],[133.38,34.68],[133.39,34.67],[133.4,34.67],[133.39,34.65],[133.39,34.64],[133.39,34.63],[133.39,34.61],[133.4,34.6],[133.41,34.59],[133.42,34.59],[133.43,34.57],[133.44,34.56],[133.45,34.54],[133.45,34.53],[133.45,34.51],[133.45,34.49],[133.44,34.49],[133.44,34.45],[133.41,34.46],[133.41,34.48],[133.41,34.46],[133.43,34.44],[133.41,34.44],[133.41,34.43],[133.39,34.42],[133.38,34.39],[133.38,34.38],[133.37,34.37],[133.36,34.37],[133.35,34.37],[133.34,34.38],[133.33,34.38],[133.32,34.38],[133.31,34.38],[133.31,34.39],[133.3,34.39],[133.29,34.38],[133.29,34.39],[133.28,34.39],[133.28,34.4],[133.26,34.39],[133.24,34.39],[133.25,34.4],[133.26,34.4],[133.27,34.42],[133.27,34.43],[133.26,34.44],[133.25,34.44],[133.25,34.42],[133.24,34.44],[133.24,34.42],[133.23,34.41],[133.22,34.41],[133.18,34.4],[133.17,34.4],[133.13,34.38],[133.11,34.39],[133.1,34.39],[133.09,34.4],[133.08,34.39],[133.09,34.39],[133.08,34.35],[133.05,34.34],[133.04,34.34],[133.04,34.33],[133.04,34.34],[133.03,34.33],[133.01,34.33],[133.0,34.34],[132.99,34.33],[132.98,34.33],[132.96,34.34],[132.95,34.34],[132.94,34.34],[132.92,34.33],[132.91,34.34],[132.91,34.33],[132.89,34.32],[132.88,34.32],[132.87,34.31],[132.86,34.3],[132.85,34.3],[132.84,34.31],[132.83,34.31],[132.83,34.32],[132.82,34.32],[132.81,34.31],[132.81,34.32],[132.8,34.31],[132.8,34.3],[132.79,34.29],[132.78,34.28],[132.77,34.28],[132.76,34.28],[132.75,34.28],[132.76,34.26],[132.77,34.26],[132.76,34.25],[132.76,34.24],[132.75,34.24],[132.74,34.24],[132.73,34.24],[132.7,34.24],[132.7,34.23],[132.68,34.22],[132.68,34.21],[132.67,34.22],[132.66,34.21],[132.65,34.21],[132.64,34.2],[132.63,34.21],[132.62,34.21],[132.61,34.22],[132.6,34.22],[132.6,34.23],[132.57,34.2],[132.55,34.2],[132.54,34.19],[132.53,34.22],[132.54,34.23],[132.55,34.23],[132.56,34.24],[132.55,34.24],[132.54,34.24],[132.55,34.24],[132.54,34.24],[132.53,34.24],[132.53,34.25],[132.52,34.26],[132.51,34.26],[132.52,34.28],[132.51,34.29],[132.51,34.3],[132.5,34.31],[132.5,34.33],[132.5,34.34],[132.49,34.33],[132.5,34.35],[132.51,34.34],[132.51,34.35],[132.52,34.36],[132.53,34.35],[132.52,34.36],[132.51,34.36],[132.5,34.36],[132.49,34.36],[132.48,34.36],[132.47,34.35],[132.46,34.36],[132.45,34.35],[132.44,34.35],[132.42,34.36],[132.41,34.36],[132.4,34.36],[132.37,34.36],[132.37,34.35],[132.37,34.36],[132.36,34.35],[132.36,34.36],[132.35,34.35],[132.34,34.35],[132.35,34.34],[132.33,34.34],[132.32,34.34],[132.32,34.32],[132.31,34.31],[132.3,34.31],[132.29,34.3],[132.27,34.28],[132.26,34.28],[132.26,34.27],[132.25,34.26],[132.23,34.25],[132.23,34.24],[132.22,34.23],[132.24,34.22],[132.24,34.21],[132.21,34.2],[132.19,34.21],[132.2,34.23],[132.18,34.23],[132.17,34.23],[132.16,34.23],[132.15,34.24],[132.15,34.25],[132.14,34.26],[132.14,34.28],[132.13,34.29],[132.12,34.3],[132.12,34.31],[132.13,34.32],[132.12,34.33],[132.11,34.33],[132.1,34.34],[132.08,34.36],[132.07,34.36],[132.07,34.38],[132.07,34.39],[132.07,34.4],[132.07,34.42],[132.08,34.43],[132.07,34.46],[132.06,34.48],[132.06,34.49],[132.05,34.5],[132.04,34.5],[132.05,34.52],[132.06,34.53],[132.08,34.54],[132.1,34.55],[132.11,34.56],[132.12,34.58],[132.12,34.59],[132.12,34.6],[132.12,34.62],[132.13,34.64],[132.13,34.65],[132.14,34.65],[132.15,34.67],[132.16,34.68],[132.16,34.69],[132.14,34.69],[132.13,34.7],[132.14,34.71],[132.14,34.72],[132.16,34.73],[132.18,34.74],[132.19,34.74],[132.2,34.75],[132.22,34.75],[132.22,34.76],[132.23,34.77],[132.23,34.78],[132.24,34.79],[132.24,34.81],[132.25,34.81],[132.27,34.8],[132.28,34.8],[132.28,34.79],[132.29,34.78],[132.31,34.79],[132.32,34.8],[132.32,34.79],[132.35,34.8],[132.37,34.8],[132.38,34.79],[132.4,34.78],[132.41,34.8],[132.42,34.81],[132.43,34.82],[132.45,34.81],[132.45,34.8],[132.47,34.8],[132.48,34.8],[132.5,34.8],[132.51,34.8],[132.52,34.8],[132.54,34.8],[132.56,34.81],[132.58,34.82],[132.59,34.82],[132.6,34.83],[132.61,34.83],[132.61,34.84],[132.62,34.84],[132.63,34.84],[132.64,34.84],[132.65,34.84],[132.67,34.83],[132.68,34.85],[132.69,34.85],[132.7,34.85],[132.71,34.86],[132.68,34.88],[132.66,34.89],[132.65,34.9],[132.63,34.9],[132.65,34.91],[132.66,34.92],[132.68,34.93],[132.69,34.95],[132.71,34.95],[132.72,34.95],[132.74,34.96],[132.75,34.97],[132.75,34.98],[132.76,34.98],[132.77,34.99],[132.78,35.0],[132.79,35.0],[132.8,35.03],[132.81,35.04],[132.83,35.05],[132.83,35.06],[132.84,35.07],[132.85,35.09],[132.86,35.09]]],[[[132.43,34.13],[132.44,34.15],[132.44,34.16],[132.45,34.17],[132.44,34.17],[132.45,34.18],[132.46,34.18],[132.45,34.19],[132.44,34.19],[132.43,34.17],[132.42,34.18],[132.41,34.2],[132.39,34.23],[132.38,34.25],[132.37,34.26],[132.38,34.26],[132.4,34.26],[132.41,34.26],[132.43,34.25],[132.44,34.23],[132.45,34.22],[132.46,34.23],[132.47,34.21],[132.48,34.24],[132.47,34.25],[132.45,34.26],[132.45,34.25],[132.43,34.25],[132.44,34.27],[132.43,34.29],[132.44,34.29],[132.46,34.29],[132.48,34.29],[132.48,34.3],[132.49,34.28],[132.5,34.27],[132.49,34.25],[132.49,34.24],[132.49,34.22],[132.48,34.2],[132.47,34.2],[132.47,34.18],[132.48,34.17],[132.49,34.15],[132.49,34.14],[132.47,34.14],[132.46,34.13],[132.45,34.14],[132.44,34.14],[132.43,34.13]]]]}},{"type":"Feature","properties":{"nam_ja":"北海道","id":1},"geometry":{"type":"MultiPolygon","coordinates":[[[[148.34,45.29],[148.35,45.3],[148.37,45.32],[148.39,45.32],[148.41,45.33],[148.42,45.33],[148.42,45.34],[148.43,45.35],[148.46,45.36],[148.46,45.37],[148.46,45.38],[148.48,45.39],[148.47,45.4],[148.49,45.42],[148.5,45.42],[148.52,45.45],[148.53,45.45],[148.54,45.45],[148.55,45.46],[148.56,45.46],[148.57,45.48],[148.58,45.48],[148.59,45.49],[148.6,45.49],[148.61,45.49],[148.62,45.5],[148.64,45.51],[148.64,45.52],[148.66,45.54],[148.67,45.54],[148.68,45.54],[148.72,45.54],[148.75,45.55],[148.76,45.55],[148.79,45.56],[148.81,45.55],[148.84,45.55],[148.86,45.54],[148.88,45.53],[148.89,45.52],[148.89,45.5],[148.87,45.47],[148.83,45.45],[148.83,45.43],[148.84,45.42],[148.86,45.41],[148.87,45.4],[148.88,45.39],[148.87,45.38],[148.86,45.37],[148.85,45.36],[148.84,45.35],[148.84,45.34],[148.81,45.34],[148.75,45.34],[148.74,45.34],[148.72,45.34],[148.7,45.33],[148.69,45.34],[148.66,45.34],[148.64,45.33],[148.63,45.33],[148.62,45.33],[148.6,45.32],[148.59,45.32],[148.57,45.31],[148.55,45.3],[148.53,45.29],[148.52,45.28],[148.51,45.28],[148.5,45.27],[148.5,45.26],[148.48,45.26],[148.45,45.25],[148.43,45.25],[148.41,45.23],[148.4,45.23],[148.37,45.23],[148.35,45.23],[148.3,45.22],[148.28,45.2],[148.27,45.19],[148.26,45.19],[148.22,45.17],[148.21,45.16],[148.2,45.16],[148.18,45.15],[148.16,45.14],[148.15,45.14],[148.11,45.12],[148.08,45.1],[148.07,45.09],[148.07,45.08],[148.06,45.07],[148.04,45.06],[148.03,45.05],[148.01,45.04],[147.99,45.02],[147.99,45.01],[147.97,45],[147.95,44.99],[147.94,44.98],[147.92,44.97],[147.91,44.96],[147.9,44.96],[147.9,44.97],[147.89,44.97],[147.87,44.97],[147.85,44.97],[147.82,44.96],[147.78,44.95],[147.73,44.98],[147.73,45.0],[147.68,45.0],[147.65,44.99],[147.61,44.95],[147.63,44.93],[147.64,44.93],[147.64,44.92],[147.62,44.89],[147.6,44.87],[147.59,44.84],[147.57,44.83],[147.55,44.82],[147.53,44.82],[147.5,44.79],[147.49,44.78],[147.47,44.78],[147.45,44.78],[147.43,44.77],[147.4,44.75],[147.38,44.74],[147.37,44.73],[147.37,44.72],[147.35,44.72],[147.35,44.71],[147.33,44.71],[147.32,44.7],[147.31,44.68],[147.3,44.67],[147.29,44.66],[147.26,44.63],[147.25,44.6],[147.24,44.6],[147.23,44.59],[147.21,44.58],[147.2,44.57],[147.17,44.56],[147.15,44.56],[147.12,44.56],[147.08,44.56],[147.05,44.54],[147.01,44.49],[146.99,44.47],[146.99,44.45],[146.98,44.45],[146.97,44.44],[146.94,44.43],[146.93,44.43],[146.9,44.43],[146.89,44.44],[146.87,44.44],[146.87,44.45],[146.86,44.46],[146.86,44.47],[146.87,44.48],[146.87,44.49],[146.88,44.5],[146.89,44.52],[146.9,44.52],[146.91,44.52],[146.95,44.55],[146.93,44.58],[146.94,44.6],[146.94,44.61],[146.95,44.63],[146.96,44.6],[146.98,44.58],[147.01,44.59],[147.03,44.62],[147.0,44.66],[147.02,44.66],[147.05,44.66],[147.06,44.66],[147.06,44.65],[147.07,44.65],[147.08,44.64],[147.11,44.65],[147.14,44.66],[147.16,44.68],[147.18,44.69],[147.2,44.75],[147.18,44.76],[147.17,44.77],[147.16,44.77],[147.13,44.77],[147.13,44.78],[147.11,44.79],[147.1,44.81],[147.11,44.82],[147.13,44.83],[147.15,44.83],[147.16,44.82],[147.17,44.82],[147.19,44.8],[147.24,44.81],[147.26,44.84],[147.26,44.86],[147.27,44.87],[147.29,44.88],[147.3,44.88],[147.33,44.89],[147.37,44.91],[147.4,44.92],[147.42,44.94],[147.44,44.96],[147.46,44.98],[147.48,44.99],[147.5,44.99],[147.51,45.0],[147.52,45.0],[147.52,45.01],[147.52,45.02],[147.52,45.03],[147.52,45.04],[147.52,45.06],[147.53,45.07],[147.53,45.09],[147.53,45.1],[147.51,45.1],[147.5,45.11],[147.51,45.12],[147.53,45.11],[147.55,45.11],[147.56,45.11],[147.57,45.1],[147.58,45.09],[147.62,45.08],[147.64,45.08],[147.66,45.09],[147.69,45.09],[147.7,45.11],[147.7,45.12],[147.69,45.13],[147.71,45.15],[147.71,45.17],[147.72,45.18],[147.73,45.19],[147.75,45.2],[147.77,45.19],[147.77,45.21],[147.79,45.21],[147.81,45.22],[147.82,45.22],[147.83,45.22],[147.85,45.21],[147.87,45.23],[147.88,45.25],[147.87,45.26],[147.87,45.28],[147.87,45.3],[147.86,45.31],[147.86,45.33],[147.86,45.35],[147.87,45.39],[147.88,45.4],[147.9,45.42],[147.93,45.44],[147.94,45.43],[147.96,45.42],[147.98,45.39],[147.98,45.37],[148.0,45.34],[148.0,45.33],[148.01,45.3],[148.01,45.29],[148.02,45.28],[148.03,45.28],[148.03,45.27],[148.07,45.26],[148.17,45.26],[148.18,45.26],[148.32,45.28],[148.34,45.29]]],[[[141.58,45.18],[141.57,45.24],[141.61,45.28],[141.62,45.31],[141.61,45.31],[141.65,45.35],[141.64,45.39],[141.64,45.42],[141.64,45.44],[141.65,45.45],[141.67,45.44],[141.68,45.42],[141.68,45.4],[141.69,45.41],[141.68,45.41],[141.69,45.41],[141.7,45.4],[141.71,45.4],[141.75,45.41],[141.76,45.41],[141.83,45.42],[141.88,45.46],[141.88,45.48],[141.88,45.5],[141.89,45.51],[141.9,45.51],[141.91,45.52],[141.93,45.52],[141.94,45.52],[141.95,45.52],[141.96,45.51],[141.97,45.5],[141.99,45.47],[142.0,45.46],[142.02,45.45],[142.04,45.43],[142.04,45.42],[142.1,45.38],[142.17,45.34],[142.23,45.28],[142.26,45.25],[142.37,45.15],[142.39,45.13],[142.48,45.07],[142.5,45.06],[142.5,45.05],[142.51,45.05],[142.52,45.04],[142.54,45.03],[142.53,45.01],[142.54,45.01],[142.54,45.0],[142.55,44.99],[142.56,44.98],[142.58,44.96],[142.59,44.94],[142.59,44.92],[142.62,44.89],[142.64,44.88],[142.64,44.87],[142.67,44.84],[142.68,44.83],[142.7,44.81],[142.71,44.79],[142.75,44.76],[142.77,44.74],[142.79,44.72],[142.81,44.71],[142.82,44.71],[142.84,44.69],[142.86,44.68],[142.87,44.66],[142.9,44.65],[142.93,44.63],[142.93,44.62],[142.94,44.61],[142.94,44.6],[142.95,44.6],[142.96,44.59],[143.04,44.54],[143.05,44.53],[143.06,44.53],[143.1,44.5],[143.17,44.47],[143.23,44.44],[143.23,44.43],[143.28,44.4],[143.35,44.37],[143.37,44.35],[143.36,44.35],[143.37,44.34],[143.5,44.28],[143.62,44.23],[143.63,44.23],[143.75,44.19],[143.79,44.18],[143.87,44.16],[144,44.14],[144.09,44.13],[144.1,44.13],[144.11,44.12],[144.13,44.12],[144.19,44.11],[144.21,44.1],[144.24,44.11],[144.25,44.1],[144.26,44.07],[144.26,44.05],[144.26,44.03],[144.28,44.02],[144.29,44.02],[144.28,44.02],[144.29,44.0],[144.3,43.98],[144.37,43.95],[144.55,43.92],[144.63,43.92],[144.65,43.92],[144.67,43.92],[144.71,43.92],[144.81,43.94],[144.85,43.97],[144.87,43.98],[144.89,43.99],[144.92,44.01],[144.94,44.04],[144.96,44.05],[144.98,44.06],[144.99,44.07],[144.99,44.08],[145.0,44.08],[145.01,44.1],[145.02,44.1],[145.03,44.1],[145.03,44.11],[145.04,44.11],[145.05,44.12],[145.07,44.12],[145.07,44.13],[145.08,44.13],[145.09,44.14],[145.1,44.15],[145.12,44.16],[145.14,44.17],[145.15,44.18],[145.17,44.19],[145.22,44.23],[145.23,44.24],[145.23,44.26],[145.25,44.26],[145.26,44.28],[145.28,44.29],[145.29,44.3],[145.3,44.31],[145.31,44.32],[145.31,44.33],[145.32,44.34],[145.33,44.34],[145.33,44.35],[145.34,44.34],[145.35,44.32],[145.35,44.31],[145.35,44.29],[145.36,44.28],[145.37,44.27],[145.36,44.26],[145.35,44.24],[145.35,44.22],[145.33,44.2],[145.32,44.18],[145.3,44.17],[145.29,44.15],[145.25,44.11],[145.24,44.09],[145.24,44.07],[145.22,44.04],[145.2,44.03],[145.2,44.02],[145.2,44.03],[145.2,44.02],[145.18,44.01],[145.17,43.99],[145.15,43.97],[145.13,43.95],[145.12,43.92],[145.11,43.91],[145.1,43.88],[145.09,43.84],[145.06,43.81],[145.06,43.79],[145.06,43.77],[145.09,43.73],[145.13,43.67],[145.15,43.65],[145.25,43.62],[145.34,43.59],[145.34,43.55],[145.31,43.55],[145.29,43.55],[145.3,43.55],[145.29,43.56],[145.3,43.57],[145.33,43.56],[145.34,43.57],[145.33,43.58],[145.32,43.58],[145.31,43.58],[145.32,43.59],[145.33,43.59],[145.31,43.6],[145.3,43.6],[145.28,43.59],[145.27,43.59],[145.27,43.6],[145.26,43.6],[145.25,43.59],[145.27,43.61],[145.23,43.62],[145.2,43.62],[145.2,43.61],[145.21,43.59],[145.22,43.59],[145.22,43.58],[145.22,43.56],[145.24,43.53],[145.25,43.51],[145.26,43.47],[145.28,43.41],[145.33,43.34],[145.38,43.31],[145.39,43.29],[145.4,43.29],[145.47,43.28],[145.48,43.27],[145.49,43.27],[145.51,43.28],[145.52,43.3],[145.52,43.31],[145.53,43.31],[145.55,43.32],[145.56,43.33],[145.57,43.33],[145.58,43.34],[145.59,43.34],[145.6,43.36],[145.61,43.36],[145.62,43.36],[145.64,43.38],[145.65,43.38],[145.66,43.39],[145.67,43.39],[145.68,43.39],[145.69,43.39],[145.72,43.38],[145.73,43.39],[145.74,43.39],[145.75,43.39],[145.75,43.4],[145.76,43.4],[145.77,43.39],[145.78,43.39],[145.79,43.39],[145.81,43.39],[145.82,43.38],[145.81,43.38],[145.81,43.37],[145.79,43.36],[145.78,43.35],[145.76,43.34],[145.75,43.34],[145.74,43.34],[145.73,43.33],[145.72,43.34],[145.7,43.33],[145.68,43.32],[145.67,43.31],[145.65,43.32],[145.61,43.31],[145.61,43.3],[145.6,43.29],[145.59,43.28],[145.58,43.29],[145.57,43.28],[145.56,43.27],[145.56,43.24],[145.56,43.22],[145.53,43.2],[145.54,43.2],[145.53,43.19],[145.52,43.19],[145.51,43.18],[145.52,43.18],[145.52,43.17],[145.5,43.17],[145.49,43.19],[145.41,43.19],[145.36,43.18],[145.34,43.18],[145.33,43.17],[145.32,43.17],[145.31,43.17],[145.3,43.17],[145.24,43.15],[145.23,43.15],[145.22,43.14],[145.2,43.14],[145.18,43.14],[145.17,43.15],[145.13,43.13],[145.12,43.12],[145.12,43.08],[145.09,43.07],[145.09,43.05],[145.08,43.04],[145.05,43.03],[145.03,43.02],[145.03,43.01],[145.03,43.0],[145.01,42.99],[145.0,42.99],[144.99,42.99],[144.98,42.98],[144.97,42.98],[144.96,42.98],[144.95,42.98],[144.94,42.99],[144.93,42.99],[144.92,42.99],[144.9,42.99],[144.88,42.99],[144.86,43.0],[144.85,43.01],[144.84,43.02],[144.84,43.04],[144.85,43.04],[144.85,43.05],[144.82,43.06],[144.78,43.05],[144.73,43.0],[144.72,42.98],[144.75,42.96],[144.76,42.95],[144.79,42.94],[144.76,42.93],[144.72,42.94],[144.68,42.94],[144.64,42.95],[144.61,42.95],[144.57,42.95],[144.52,42.95],[144.5,42.94],[144.47,42.94],[144.45,42.95],[144.43,42.95],[144.4,42.96],[144.38,42.97],[144.37,42.97],[144.37,42.98],[144.37,42.99],[144.36,42.99],[144.36,43.0],[144.35,43.0],[144.34,43.0],[144.33,43.0],[144.32,43.0],[144.27,43.0],[144.22,43.0],[144.11,42.96],[144.07,42.95],[144.01,42.92],[144.0,42.92],[143.87,42.84],[143.82,42.81],[143.76,42.76],[143.69,42.71],[143.64,42.68],[143.6,42.64],[143.5,42.54],[143.39,42.42],[143.36,42.37],[143.33,42.31],[143.34,42.3],[143.32,42.3],[143.33,42.3],[143.32,42.3],[143.32,42.29],[143.31,42.25],[143.32,42.23],[143.32,42.21],[143.33,42.19],[143.33,42.18],[143.32,42.16],[143.32,42.15],[143.32,42.11],[143.31,42.08],[143.31,42.06],[143.31,42.05],[143.3,42.04],[143.29,42.04],[143.29,42.03],[143.28,42.02],[143.26,42.0],[143.24,41.94],[143.25,41.93],[143.24,41.93],[143.22,41.94],[143.22,41.95],[143.21,41.96],[143.19,41.97],[143.18,41.98],[143.16,42.0],[143.15,42.02],[143.14,42.02],[143.11,42.04],[143.1,42.05],[143.07,42.06],[143.02,42.08],[143.0,42.09],[143.0,42.1],[142.97,42.12],[142.93,42.13],[142.92,42.12],[142.91,42.13],[142.87,42.13],[142.86,42.14],[142.82,42.14],[142.77,42.16],[142.77,42.17],[142.76,42.17],[142.72,42.19],[142.69,42.19],[142.66,42.2],[142.64,42.21],[142.62,42.23],[142.57,42.25],[142.51,42.27],[142.48,42.27],[142.47,42.28],[142.45,42.3],[142.4,42.31],[142.37,42.33],[142.36,42.34],[142.3,42.36],[142.28,42.38],[142.25,42.41],[142.22,42.42],[142.21,42.43],[142.2,42.45],[142.12,42.47],[142.06,42.48],[142.02,42.49],[142.01,42.5],[142.01,42.51],[141.99,42.51],[141.96,42.54],[141.94,42.55],[141.9,42.58],[141.87,42.59],[141.82,42.6],[141.82,42.61],[141.81,42.61],[141.8,42.6],[141.8,42.61],[141.74,42.62],[141.67,42.63],[141.64,42.63],[141.67,42.64],[141.67,42.65],[141.7,42.65],[141.67,42.65],[141.63,42.64],[141.62,42.64],[141.62,42.63],[141.62,42.62],[141.61,42.63],[141.5,42.6],[141.37,42.55],[141.32,42.52],[141.28,42.5],[141.2,42.45],[141.18,42.45],[141.16,42.44],[141.1,42.4],[141.05,42.35],[141.03,42.34],[141.01,42.32],[141.01,42.31],[141.0,42.3],[140.99,42.3],[140.98,42.31],[140.97,42.31],[140.97,42.32],[140.95,42.32],[140.94,42.32],[140.93,42.34],[140.94,42.34],[140.94,42.35],[140.95,42.34],[140.96,42.34],[140.97,42.34],[140.97,42.33],[140.98,42.32],[140.98,42.33],[140.99,42.33],[140.98,42.34],[141.0,42.35],[140.98,42.35],[140.99,42.36],[140.98,42.36],[140.97,42.36],[140.94,42.37],[140.92,42.37],[140.91,42.39],[140.87,42.46],[140.85,42.47],[140.81,42.49],[140.8,42.5],[140.78,42.5],[140.78,42.52],[140.79,42.52],[140.78,42.52],[140.78,42.53],[140.76,42.55],[140.73,42.57],[140.72,42.58],[140.71,42.58],[140.7,42.59],[140.66,42.59],[140.65,42.59],[140.62,42.58],[140.6,42.58],[140.59,42.57],[140.57,42.57],[140.54,42.59],[140.53,42.59],[140.52,42.59],[140.5,42.58],[140.5,42.59],[140.48,42.59],[140.41,42.54],[140.35,42.47],[140.29,42.37],[140.28,42.28],[140.29,42.25],[140.32,42.24],[140.37,42.22],[140.4,42.22],[140.43,42.19],[140.44,42.18],[140.46,42.17],[140.48,42.16],[140.51,42.14],[140.53,42.12],[140.58,42.11],[140.59,42.11],[140.6,42.11],[140.65,42.12],[140.69,42.13],[140.71,42.14],[140.74,42.12],[140.77,42.1],[140.79,42.08],[140.8,42.06],[140.82,42.04],[140.84,42.03],[140.87,42.01],[140.88,42.01],[140.89,42.0],[140.91,41.97],[140.93,41.95],[140.95,41.94],[140.95,41.93],[140.98,41.91],[141.0,41.9],[141.02,41.89],[141.04,41.89],[141.06,41.89],[141.07,41.89],[141.1,41.88],[141.12,41.87],[141.12,41.86],[141.13,41.86],[141.15,41.86],[141.15,41.84],[141.16,41.83],[141.18,41.82],[141.18,41.81],[141.19,41.8],[141.16,41.79],[141.14,41.78],[141.12,41.79],[141.1,41.77],[141.09,41.76],[141.08,41.75],[141.07,41.74],[141.06,41.74],[141.05,41.73],[141.04,41.73],[141.03,41.72],[141.02,41.72],[141.01,41.72],[141.0,41.72],[140.95,41.72],[140.93,41.74],[140.88,41.75],[140.87,41.76],[140.84,41.76],[140.81,41.77],[140.75,41.77],[140.72,41.75],[140.71,41.74],[140.69,41.75],[140.7,41.77],[140.7,41.78],[140.71,41.78],[140.71,41.77],[140.72,41.77],[140.72,41.78],[140.73,41.79],[140.72,41.8],[140.72,41.81],[140.71,41.81],[140.69,41.82],[140.65,41.82],[140.63,41.81],[140.62,41.79],[140.6,41.76],[140.6,41.74],[140.59,41.74],[140.56,41.73],[140.55,41.72],[140.52,41.7],[140.5,41.7],[140.48,41.7],[140.45,41.69],[140.43,41.64],[140.44,41.56],[140.44,41.55],[140.43,41.54],[140.41,41.52],[140.4,41.52],[140.39,41.52],[140.38,41.52],[140.36,41.52],[140.35,41.51],[140.34,41.51],[140.32,41.5],[140.29,41.49],[140.26,41.48],[140.26,41.47],[140.25,41.46],[140.24,41.45],[140.24,41.44],[140.22,41.42],[140.2,41.4],[140.16,41.42],[140.14,41.43],[140.12,41.43],[140.11,41.43],[140.09,41.42],[140.06,41.44],[140.04,41.45],[140.03,41.46],[140.02,41.48],[140.02,41.5],[140.01,41.51],[140.0,41.52],[139.99,41.54],[139.99,41.55],[139.99,41.56],[139.98,41.57],[139.98,41.59],[139.99,41.61],[140.0,41.64],[140.0,41.65],[140.0,41.67],[140.01,41.69],[140.03,41.71],[140.05,41.74],[140.07,41.76],[140.07,41.8],[140.08,41.81],[140.1,41.81],[140.11,41.81],[140.13,41.84],[140.12,41.86],[140.11,41.86],[140.12,41.87],[140.13,41.87],[140.14,41.9],[140.14,41.91],[140.13,41.95],[140.13,41.97],[140.12,42.0],[140.11,42.01],[140.11,42.02],[140.1,42.03],[140.08,42.04],[140.07,42.05],[140.07,42.06],[140.06,42.08],[140.01,42.12],[140.0,42.12],[139.97,42.13],[139.94,42.13],[139.93,42.13],[139.92,42.14],[139.91,42.16],[139.9,42.17],[139.9,42.18],[139.89,42.18],[139.89,42.19],[139.88,42.21],[139.85,42.22],[139.84,42.22],[139.83,42.22],[139.82,42.22],[139.81,42.22],[139.8,42.23],[139.79,42.24],[139.78,42.25],[139.78,42.26],[139.79,42.27],[139.78,42.28],[139.78,42.3],[139.77,42.31],[139.77,42.32],[139.77,42.33],[139.78,42.35],[139.79,42.36],[139.8,42.36],[139.81,42.37],[139.82,42.38],[139.83,42.39],[139.84,42.43],[139.85,42.45],[139.84,42.45],[139.85,42.46],[139.85,42.48],[139.84,42.5],[139.85,42.53],[139.84,42.55],[139.84,42.56],[139.83,42.58],[139.83,42.59],[139.83,42.6],[139.82,42.61],[139.84,42.62],[139.84,42.63],[139.85,42.63],[139.85,42.64],[139.86,42.65],[139.86,42.66],[139.87,42.67],[139.88,42.67],[139.9,42.68],[139.93,42.69],[139.95,42.69],[139.99,42.69],[140.0,42.69],[140.02,42.69],[140.03,42.69],[140.06,42.7],[140.07,42.72],[140.07,42.73],[140.08,42.73],[140.1,42.74],[140.11,42.74],[140.12,42.74],[140.12,42.75],[140.13,42.75],[140.15,42.76],[140.16,42.79],[140.17,42.81],[140.18,42.82],[140.19,42.83],[140.2,42.82],[140.23,42.8],[140.24,42.79],[140.26,42.77],[140.31,42.79],[140.31,42.83],[140.32,42.84],[140.33,42.85],[140.36,42.88],[140.38,42.9],[140.38,42.91],[140.39,42.92],[140.4,42.93],[140.43,42.95],[140.45,42.96],[140.49,42.98],[140.51,42.99],[140.51,42.98],[140.51,42.99],[140.53,43.0],[140.53,43.03],[140.51,43.03],[140.51,43.04],[140.5,43.05],[140.5,43.06],[140.48,43.08],[140.47,43.08],[140.46,43.09],[140.46,43.1],[140.45,43.11],[140.45,43.12],[140.44,43.12],[140.44,43.13],[140.43,43.14],[140.42,43.14],[140.39,43.16],[140.37,43.17],[140.37,43.18],[140.36,43.18],[140.35,43.2],[140.34,43.21],[140.33,43.22],[140.33,43.23],[140.33,43.25],[140.33,43.26],[140.34,43.26],[140.34,43.27],[140.34,43.28],[140.35,43.3],[140.36,43.32],[140.35,43.33],[140.37,43.33],[140.39,43.33],[140.4,43.33],[140.41,43.33],[140.42,43.33],[140.45,43.34],[140.46,43.35],[140.47,43.37],[140.48,43.38],[140.49,43.37],[140.5,43.37],[140.51,43.36],[140.53,43.36],[140.54,43.34],[140.55,43.34],[140.56,43.33],[140.57,43.32],[140.58,43.31],[140.59,43.31],[140.6,43.3],[140.62,43.3],[140.63,43.3],[140.65,43.29],[140.64,43.28],[140.65,43.26],[140.69,43.26],[140.7,43.25],[140.71,43.25],[140.72,43.25],[140.74,43.24],[140.75,43.24],[140.75,43.23],[140.76,43.23],[140.78,43.23],[140.78,43.21],[140.79,43.2],[140.81,43.19],[140.85,43.2],[140.85,43.21],[140.86,43.21],[140.86,43.22],[140.87,43.21],[140.9,43.21],[140.91,43.21],[140.92,43.22],[140.93,43.23],[140.94,43.23],[140.95,43.23],[140.97,43.24],[141.0,43.24],[141.01,43.24],[141.02,43.24],[141.02,43.23],[141.01,43.22],[141.01,43.21],[141.01,43.2],[141.02,43.19],[141.03,43.18],[141.04,43.18],[141.05,43.18],[141.09,43.17],[141.11,43.16],[141.14,43.15],[141.18,43.15],[141.27,43.19],[141.29,43.2],[141.3,43.21],[141.31,43.22],[141.32,43.22],[141.37,43.27],[141.41,43.31],[141.42,43.34],[141.43,43.36],[141.43,43.39],[141.4,43.46],[141.39,43.48],[141.37,43.49],[141.36,43.51],[141.36,43.53],[141.36,43.54],[141.38,43.56],[141.38,43.6],[141.36,43.62],[141.35,43.65],[141.34,43.69],[141.33,43.71],[141.34,43.73],[141.34,43.74],[141.35,43.76],[141.37,43.78],[141.37,43.79],[141.39,43.81],[141.4,43.81],[141.43,43.83],[141.45,43.83],[141.46,43.83],[141.47,43.83],[141.48,43.84],[141.51,43.85],[141.53,43.86],[141.54,43.85],[141.55,43.86],[141.56,43.87],[141.58,43.87],[141.6,43.89],[141.63,43.92],[141.63,43.95],[141.63,43.96],[141.64,43.95],[141.65,43.94],[141.64,43.95],[141.64,43.96],[141.64,43.97],[141.65,43.98],[141.66,44.0],[141.66,44.04],[141.65,44.16],[141.66,44.16],[141.66,44.22],[141.65,44.29],[141.65,44.32],[141.67,44.33],[141.68,44.35],[141.7,44.37],[141.71,44.38],[141.74,44.42],[141.76,44.46],[141.77,44.55],[141.78,44.57],[141.79,44.64],[141.78,44.75],[141.75,44.86],[141.72,44.92],[141.66,45.03],[141.59,45.16],[141.58,45.18]]],[[[141.15,45.23],[141.16,45.24],[141.17,45.24],[141.18,45.25],[141.19,45.25],[141.19,45.26],[141.21,45.26],[141.21,45.25],[141.23,45.25],[141.23,45.24],[141.25,45.23],[141.27,45.23],[141.27,45.24],[141.28,45.23],[141.3,45.22],[141.32,45.2],[141.33,45.17],[141.31,45.14],[141.31,45.13],[141.29,45.12],[141.29,45.11],[141.27,45.11],[141.25,45.1],[141.23,45.1],[141.22,45.11],[141.21,45.11],[141.17,45.14],[141.15,45.16],[141.14,45.16],[141.14,45.18],[141.13,45.19],[141.14,45.19],[141.14,45.21],[141.13,45.21],[141.14,45.22],[141.15,45.23]]],[[[145.75,44.06],[145.75,44.08],[145.74,44.1],[145.75,44.11],[145.77,44.13],[145.79,44.14],[145.79,44.15],[145.83,44.18],[145.87,44.23],[145.9,44.26],[145.94,44.28],[145.97,44.3],[146.0,44.33],[146.0,44.35],[146.01,44.38],[146.02,44.39],[146.04,44.41],[146.06,44.43],[146.08,44.47],[146.12,44.5],[146.14,44.51],[146.15,44.51],[146.17,44.52],[146.17,44.51],[146.19,44.51],[146.21,44.49],[146.22,44.48],[146.24,44.46],[146.25,44.45],[146.27,44.44],[146.28,44.44],[146.31,44.43],[146.32,44.43],[146.33,44.42],[146.38,44.42],[146.43,44.42],[146.45,44.42],[146.5,44.43],[146.55,44.45],[146.58,44.46],[146.55,44.43],[146.54,44.41],[146.54,44.38],[146.52,44.37],[146.51,44.37],[146.5,44.36],[146.49,44.35],[146.48,44.36],[146.46,44.37],[146.4,44.36],[146.37,44.34],[146.37,44.32],[146.35,44.32],[146.34,44.31],[146.33,44.3],[146.32,44.29],[146.3,44.28],[146.28,44.28],[146.25,44.27],[146.24,44.27],[146.21,44.27],[146.18,44.27],[146.16,44.27],[146.13,44.27],[146.09,44.25],[146.05,44.21],[146.05,44.2],[146.05,44.19],[146.03,44.19],[146.02,44.18],[146.0,44.17],[145.98,44.17],[145.97,44.16],[145.95,44.15],[145.93,44.14],[145.91,44.12],[145.9,44.1],[145.89,44.1],[145.89,44.09],[145.88,44.08],[145.87,44.07],[145.87,44.03],[145.88,44.02],[145.87,44.02],[145.86,44.03],[145.81,44.02],[145.81,44.0],[145.8,43.99],[145.79,43.96],[145.79,43.95],[145.78,43.94],[145.76,43.93],[145.72,43.91],[145.69,43.91],[145.65,43.91],[145.63,43.88],[145.61,43.88],[145.6,43.87],[145.58,43.85],[145.57,43.81],[145.56,43.72],[145.55,43.67],[145.54,43.66],[145.54,43.7],[145.53,43.74],[145.47,43.73],[145.43,43.72],[145.43,43.77],[145.41,43.82],[145.4,43.84],[145.44,43.85],[145.45,43.87],[145.48,43.9],[145.51,43.91],[145.53,43.92],[145.54,43.93],[145.58,43.95],[145.6,43.97],[145.63,43.99],[145.65,44.0],[145.68,44.02],[145.69,44.03],[145.71,44.04],[145.74,44.05],[145.74,44.06],[145.75,44.06]]],[[[146.65,43.7],[146.65,43.71],[146.64,43.72],[146.63,43.72],[146.63,43.73],[146.62,43.73],[146.62,43.74],[146.62,43.75],[146.63,43.76],[146.61,43.75],[146.61,43.74],[146.6,43.74],[146.59,43.74],[146.6,43.75],[146.59,43.75],[146.59,43.76],[146.6,43.76],[146.61,43.77],[146.61,43.78],[146.6,43.78],[146.59,43.79],[146.59,43.81],[146.61,43.82],[146.63,43.82],[146.64,43.82],[146.67,43.83],[146.68,43.83],[146.71,43.83],[146.73,43.83],[146.74,43.83],[146.75,43.82],[146.75,43.83],[146.74,43.83],[146.72,43.84],[146.73,43.85],[146.76,43.87],[146.79,43.87],[146.8,43.86],[146.79,43.87],[146.8,43.88],[146.81,43.88],[146.81,43.87],[146.83,43.87],[146.82,43.88],[146.83,43.89],[146.85,43.88],[146.86,43.88],[146.87,43.87],[146.89,43.85],[146.91,43.85],[146.91,43.84],[146.92,43.84],[146.91,43.83],[146.91,43.82],[146.9,43.81],[146.89,43.81],[146.87,43.81],[146.86,43.81],[146.85,43.81],[146.84,43.81],[146.83,43.8],[146.83,43.79],[146.85,43.79],[146.83,43.78],[146.82,43.79],[146.81,43.79],[146.81,43.78],[146.8,43.78],[146.79,43.78],[146.79,43.77],[146.79,43.76],[146.78,43.76],[146.77,43.77],[146.77,43.75],[146.76,43.75],[146.75,43.76],[146.75,43.75],[146.74,43.75],[146.73,43.75],[146.73,43.74],[146.71,43.74],[146.69,43.74],[146.68,43.73],[146.69,43.72],[146.68,43.71],[146.66,43.71],[146.65,43.71],[146.65,43.7]]],[[[139.45,42.05],[139.43,42.07],[139.43,42.09],[139.42,42.1],[139.42,42.11],[139.42,42.14],[139.41,42.16],[139.41,42.17],[139.41,42.18],[139.42,42.19],[139.43,42.2],[139.43,42.22],[139.45,42.22],[139.46,42.22],[139.48,42.22],[139.5,42.23],[139.51,42.23],[139.53,42.23],[139.55,42.24],[139.56,42.25],[139.55,42.22],[139.55,42.2],[139.52,42.18],[139.52,42.16],[139.52,42.15],[139.52,42.13],[139.5,42.1],[139.5,42.09],[139.48,42.07],[139.45,42.06],[139.45,42.05]]]]}},{"type":"Feature","properties":{"nam_ja":"兵庫県","id":28},"geometry":{"type":"MultiPolygon","coordinates":[[[[134.87,35.66],[134.87,35.64],[134.87,35.63],[134.87,35.62],[134.87,35.6],[134.86,35.59],[134.87,35.58],[134.88,35.56],[134.9,35.56],[134.91,35.55],[134.92,35.54],[134.91,35.53],[134.93,35.51],[134.94,35.51],[134.95,35.52],[134.97,35.52],[134.98,35.53],[135.0,35.54],[135.03,35.54],[135.04,35.53],[135.04,35.51],[135.03,35.5],[135.04,35.48],[135.04,35.47],[135.05,35.45],[135.05,35.43],[135.05,35.41],[135.03,35.41],[135.02,35.39],[135.01,35.39],[135.0,35.39],[134.99,35.39],[134.98,35.4],[134.95,35.41],[134.93,35.4],[134.92,35.39],[134.92,35.36],[134.92,35.34],[134.93,35.33],[134.92,35.32],[134.94,35.31],[134.96,35.3],[134.99,35.29],[135.0,35.29],[135.01,35.28],[135.02,35.27],[135.04,35.26],[135.06,35.26],[135.06,35.25],[135.07,35.24],[135.08,35.24],[135.09,35.26],[135.11,35.27],[135.13,35.26],[135.15,35.26],[135.16,35.25],[135.16,35.23],[135.17,35.22],[135.18,35.22],[135.2,35.2],[135.19,35.19],[135.19,35.17],[135.2,35.17],[135.21,35.16],[135.23,35.17],[135.25,35.18],[135.26,35.18],[135.28,35.17],[135.29,35.17],[135.29,35.16],[135.28,35.14],[135.29,35.14],[135.31,35.14],[135.34,35.15],[135.34,35.14],[135.36,35.13],[135.37,35.13],[135.39,35.13],[135.39,35.11],[135.39,35.1],[135.4,35.09],[135.4,35.08],[135.39,35.07],[135.38,35.06],[135.37,35.05],[135.36,35.05],[135.34,35.04],[135.33,35.03],[135.35,35.03],[135.35,35.01],[135.35,35.0],[135.36,34.98],[135.35,34.97],[135.35,34.96],[135.37,34.95],[135.38,34.96],[135.39,34.94],[135.41,34.94],[135.42,34.93],[135.44,34.94],[135.45,34.93],[135.47,34.93],[135.46,34.92],[135.45,34.92],[135.42,34.91],[135.43,34.89],[135.44,34.9],[135.44,34.89],[135.43,34.86],[135.42,34.85],[135.42,34.82],[135.43,34.8],[135.44,34.79],[135.45,34.77],[135.45,34.76],[135.46,34.75],[135.46,34.73],[135.45,34.73],[135.44,34.71],[135.41,34.7],[135.38,34.68],[135.39,34.68],[135.39,34.69],[135.4,34.7],[135.39,34.7],[135.39,34.69],[135.38,34.69],[135.37,34.68],[135.37,34.69],[135.37,34.7],[135.37,34.69],[135.36,34.69],[135.36,34.7],[135.36,34.71],[135.35,34.71],[135.34,34.72],[135.34,34.73],[135.33,34.72],[135.32,34.73],[135.32,34.72],[135.31,34.72],[135.3,34.72],[135.29,34.72],[135.29,34.71],[135.28,34.71],[135.29,34.71],[135.27,34.7],[135.27,34.71],[135.27,34.7],[135.25,34.7],[135.23,34.7],[135.24,34.69],[135.22,34.69],[135.2,34.69],[135.2,34.68],[135.19,34.68],[135.19,34.69],[135.19,34.68],[135.18,34.68],[135.19,34.68],[135.18,34.68],[135.19,34.67],[135.18,34.67],[135.18,34.66],[135.18,34.67],[135.19,34.66],[135.18,34.66],[135.19,34.65],[135.18,34.65],[135.14,34.64],[135.13,34.64],[135.11,34.64],[135.07,34.63],[135.06,34.63],[135.02,34.64],[135.0,34.64],[134.99,34.64],[134.97,34.65],[134.94,34.67],[134.91,34.68],[134.89,34.69],[134.87,34.7],[134.87,34.71],[134.86,34.71],[134.85,34.71],[134.85,34.72],[134.84,34.72],[134.83,34.71],[134.81,34.73],[134.81,34.74],[134.8,34.74],[134.79,34.74],[134.77,34.75],[134.76,34.75],[134.76,34.76],[134.75,34.77],[134.73,34.77],[134.72,34.77],[134.7,34.78],[134.69,34.77],[134.68,34.77],[134.67,34.77],[134.66,34.77],[134.67,34.78],[134.65,34.77],[134.66,34.79],[134.65,34.78],[134.63,34.77],[134.63,34.78],[134.64,34.78],[134.63,34.78],[134.62,34.77],[134.61,34.78],[134.6,34.78],[134.59,34.77],[134.6,34.77],[134.59,34.77],[134.57,34.76],[134.57,34.77],[134.56,34.77],[134.54,34.77],[134.53,34.78],[134.51,34.77],[134.5,34.76],[134.5,34.77],[134.49,34.77],[134.48,34.76],[134.47,34.77],[134.47,34.78],[134.48,34.79],[134.47,34.8],[134.46,34.81],[134.47,34.8],[134.47,34.79],[134.46,34.79],[134.46,34.77],[134.46,34.76],[134.45,34.76],[134.45,34.77],[134.44,34.77],[134.43,34.76],[134.43,34.75],[134.42,34.74],[134.41,34.73],[134.4,34.73],[134.39,34.73],[134.38,34.74],[134.37,34.74],[134.36,34.75],[134.35,34.74],[134.34,34.74],[134.33,34.73],[134.32,34.73],[134.31,34.74],[134.32,34.76],[134.33,34.77],[134.32,34.77],[134.32,34.78],[134.32,34.8],[134.31,34.81],[134.29,34.82],[134.28,34.83],[134.27,34.83],[134.26,34.84],[134.26,34.85],[134.25,34.86],[134.26,34.87],[134.26,34.88],[134.27,34.89],[134.28,34.9],[134.29,34.9],[134.29,34.91],[134.28,34.92],[134.28,34.93],[134.26,34.94],[134.25,34.95],[134.26,34.95],[134.27,34.97],[134.27,34.98],[134.27,34.99],[134.29,35.0],[134.28,35.0],[134.27,35.01],[134.26,35.01],[134.27,35.02],[134.29,35.04],[134.3,35.04],[134.31,35.05],[134.32,35.05],[134.32,35.07],[134.33,35.09],[134.34,35.09],[134.35,35.09],[134.35,35.1],[134.36,35.12],[134.36,35.13],[134.37,35.15],[134.39,35.15],[134.41,35.15],[134.41,35.16],[134.41,35.18],[134.39,35.19],[134.38,35.21],[134.38,35.22],[134.4,35.24],[134.43,35.23],[134.44,35.24],[134.46,35.24],[134.48,35.25],[134.49,35.26],[134.5,35.27],[134.51,35.3],[134.51,35.31],[134.5,35.34],[134.51,35.35],[134.5,35.37],[134.49,35.37],[134.47,35.38],[134.48,35.41],[134.48,35.42],[134.47,35.43],[134.46,35.44],[134.45,35.44],[134.44,35.46],[134.44,35.48],[134.43,35.51],[134.42,35.51],[134.42,35.53],[134.43,35.54],[134.42,35.56],[134.41,35.57],[134.41,35.59],[134.4,35.59],[134.39,35.6],[134.37,35.61],[134.38,35.61],[134.39,35.62],[134.4,35.62],[134.41,35.62],[134.42,35.62],[134.43,35.62],[134.43,35.63],[134.44,35.63],[134.45,35.63],[134.46,35.64],[134.47,35.64],[134.48,35.65],[134.49,35.65],[134.5,35.66],[134.52,35.66],[134.53,35.67],[134.54,35.67],[134.56,35.65],[134.57,35.66],[134.58,35.65],[134.58,35.66],[134.59,35.66],[134.6,35.66],[134.61,35.65],[134.61,35.64],[134.63,35.65],[134.64,35.65],[134.65,35.66],[134.66,35.67],[134.66,35.66],[134.66,35.65],[134.67,35.66],[134.68,35.66],[134.69,35.66],[134.69,35.67],[134.69,35.65],[134.7,35.65],[134.71,35.66],[134.72,35.67],[134.73,35.66],[134.74,35.66],[134.74,35.67],[134.75,35.66],[134.76,35.66],[134.76,35.67],[134.77,35.66],[134.78,35.66],[134.78,35.67],[134.8,35.67],[134.8,35.66],[134.81,35.66],[134.82,35.66],[134.83,35.66],[134.84,35.65],[134.84,35.64],[134.85,35.66],[134.86,35.66],[134.87,35.66]]],[[[134.79,34.43],[134.8,34.45],[134.81,34.46],[134.83,34.47],[134.84,34.48],[134.87,34.51],[134.89,34.53],[134.91,34.53],[134.93,34.55],[134.94,34.55],[134.97,34.59],[135.0,34.61],[135.02,34.59],[135.02,34.58],[135.01,34.56],[135.0,34.55],[134.99,34.52],[134.97,34.5],[134.94,34.47],[134.91,34.44],[134.9,34.43],[134.91,34.43],[134.9,34.42],[134.9,34.41],[134.9,34.37],[134.9,34.35],[134.9,34.34],[134.9,34.35],[134.91,34.34],[134.91,34.33],[134.92,34.31],[134.94,34.3],[134.95,34.28],[134.93,34.26],[134.89,34.25],[134.84,34.23],[134.81,34.2],[134.77,34.2],[134.73,34.19],[134.72,34.22],[134.7,34.23],[134.71,34.24],[134.72,34.25],[134.72,34.26],[134.71,34.25],[134.7,34.24],[134.69,34.25],[134.67,34.25],[134.66,34.24],[134.67,34.25],[134.67,34.26],[134.67,34.27],[134.66,34.29],[134.67,34.32],[134.69,34.33],[134.71,34.32],[134.72,34.33],[134.73,34.33],[134.75,34.37],[134.75,34.38],[134.76,34.38],[134.78,34.41],[134.79,34.43]]]]}},{"type":"Feature","properties":{"nam_ja":"千葉県","id":12},"geometry":{"type":"MultiPolygon","coordinates":[[[[139.78,36.09],[139.8,36.09],[139.82,36.06],[139.87,36.02],[139.88,36.0],[139.92,35.97],[139.94,35.96],[139.95,35.94],[139.98,35.92],[140.0,35.91],[140.02,35.91],[140.06,35.89],[140.09,35.88],[140.12,35.87],[140.15,35.85],[140.19,35.85],[140.23,35.85],[140.27,35.87],[140.31,35.86],[140.35,35.89],[140.37,35.9],[140.4,35.91],[140.43,35.91],[140.46,35.93],[140.5,35.91],[140.49,35.92],[140.49,35.93],[140.5,35.95],[140.53,35.94],[140.57,35.92],[140.59,35.91],[140.61,35.89],[140.63,35.86],[140.7,35.84],[140.72,35.81],[140.8,35.75],[140.85,35.74],[140.86,35.74],[140.87,35.74],[140.87,35.73],[140.87,35.71],[140.86,35.7],[140.85,35.7],[140.84,35.71],[140.76,35.7],[140.74,35.69],[140.73,35.69],[140.72,35.7],[140.66,35.69],[140.62,35.67],[140.54,35.61],[140.5,35.58],[140.47,35.55],[140.46,35.53],[140.43,35.5],[140.41,35.46],[140.4,35.41],[140.4,35.34],[140.4,35.33],[140.41,35.31],[140.4,35.27],[140.41,35.25],[140.4,35.25],[140.41,35.25],[140.4,35.24],[140.39,35.21],[140.38,35.19],[140.38,35.18],[140.36,35.18],[140.35,35.17],[140.33,35.16],[140.32,35.14],[140.31,35.13],[140.31,35.15],[140.29,35.15],[140.29,35.14],[140.29,35.13],[140.28,35.13],[140.27,35.13],[140.27,35.14],[140.26,35.14],[140.25,35.13],[140.23,35.12],[140.21,35.11],[140.2,35.11],[140.2,35.12],[140.19,35.13],[140.18,35.12],[140.17,35.12],[140.16,35.12],[140.15,35.12],[140.11,35.11],[140.11,35.09],[140.1,35.09],[140.1,35.08],[140.09,35.07],[140.08,35.07],[140.08,35.06],[140.07,35.06],[140.06,35.06],[140.02,35.04],[140,35.03],[139.98,35.0],[139.97,34.99],[139.97,34.98],[139.97,34.95],[139.96,34.94],[139.96,34.93],[139.95,34.92],[139.94,34.92],[139.93,34.91],[139.92,34.91],[139.91,34.91],[139.9,34.9],[139.89,34.9],[139.88,34.9],[139.87,34.9],[139.85,34.9],[139.84,34.9],[139.82,34.91],[139.82,34.92],[139.82,34.93],[139.78,34.96],[139.77,34.96],[139.76,34.96],[139.75,34.96],[139.75,34.97],[139.76,34.98],[139.78,34.98],[139.79,34.97],[139.82,34.98],[139.83,34.99],[139.84,34.99],[139.86,34.99],[139.86,35.01],[139.85,35.03],[139.84,35.02],[139.83,35.03],[139.81,35.04],[139.82,35.04],[139.83,35.05],[139.82,35.06],[139.82,35.07],[139.84,35.08],[139.84,35.1],[139.82,35.1],[139.83,35.11],[139.83,35.12],[139.84,35.12],[139.84,35.13],[139.84,35.14],[139.82,35.15],[139.82,35.16],[139.82,35.17],[139.82,35.18],[139.82,35.19],[139.83,35.2],[139.86,35.22],[139.87,35.23],[139.85,35.27],[139.85,35.28],[139.82,35.3],[139.79,35.31],[139.81,35.32],[139.82,35.32],[139.84,35.34],[139.82,35.34],[139.85,35.35],[139.84,35.36],[139.86,35.37],[139.89,35.36],[139.9,35.36],[139.89,35.37],[139.9,35.37],[139.91,35.38],[139.92,35.38],[139.92,35.39],[139.91,35.39],[139.9,35.4],[139.9,35.41],[139.9,35.42],[139.9,35.43],[139.92,35.44],[139.94,35.44],[139.95,35.44],[139.96,35.45],[139.95,35.45],[139.97,35.45],[139.97,35.46],[139.98,35.47],[139.99,35.45],[140.0,35.46],[139.99,35.47],[140.0,35.47],[140,35.48],[140.01,35.48],[140.02,35.47],[140.02,35.48],[140.03,35.49],[140.03,35.5],[140.05,35.51],[140.06,35.53],[140.06,35.54],[140.08,35.54],[140.1,35.54],[140.09,35.55],[140.11,35.55],[140.09,35.56],[140.12,35.57],[140.09,35.57],[140.1,35.59],[140.11,35.57],[140.11,35.59],[140.12,35.59],[140.12,35.6],[140.11,35.59],[140.1,35.6],[140.09,35.59],[140.09,35.6],[140.1,35.6],[140.08,35.61],[140.08,35.6],[140.02,35.65],[140.01,35.66],[139.99,35.65],[140.0,35.66],[140.0,35.67],[139.99,35.67],[139.99,35.69],[139.98,35.69],[139.98,35.68],[139.97,35.68],[139.96,35.68],[139.94,35.67],[139.93,35.67],[139.94,35.64],[139.91,35.63],[139.9,35.63],[139.9,35.62],[139.87,35.63],[139.87,35.64],[139.89,35.65],[139.89,35.68],[139.92,35.7],[139.9,35.72],[139.9,35.74],[139.89,35.75],[139.88,35.77],[139.89,35.8],[139.89,35.82],[139.89,35.84],[139.9,35.87],[139.87,35.91],[139.86,35.93],[139.83,35.97],[139.81,36.0],[139.81,36.03],[139.81,36.04],[139.78,36.07],[139.78,36.09]]]]}},{"type":"Feature","properties":{"nam_ja":"富山県","id":16},"geometry":{"type":"MultiPolygon","coordinates":[[[[137.63,36.98],[137.66,36.96],[137.67,36.95],[137.71,36.94],[137.72,36.92],[137.71,36.91],[137.72,36.88],[137.73,36.86],[137.73,36.84],[137.74,36.82],[137.75,36.81],[137.75,36.79],[137.76,36.77],[137.75,36.75],[137.76,36.74],[137.75,36.73],[137.75,36.7],[137.75,36.69],[137.76,36.68],[137.76,36.66],[137.75,36.63],[137.74,36.62],[137.75,36.6],[137.74,36.59],[137.71,36.58],[137.69,36.56],[137.69,36.54],[137.71,36.54],[137.7,36.53],[137.69,36.51],[137.68,36.51],[137.67,36.5],[137.65,36.49],[137.66,36.46],[137.65,36.45],[137.63,36.43],[137.62,36.42],[137.61,36.41],[137.6,36.39],[137.58,36.39],[137.56,36.39],[137.53,36.4],[137.52,36.41],[137.51,36.42],[137.47,36.43],[137.46,36.41],[137.44,36.41],[137.43,36.42],[137.42,36.43],[137.4,36.44],[137.39,36.46],[137.38,36.45],[137.36,36.45],[137.35,36.44],[137.35,36.43],[137.33,36.43],[137.31,36.43],[137.31,36.44],[137.31,36.45],[137.32,36.46],[137.3,36.46],[137.28,36.47],[137.26,36.45],[137.25,36.46],[137.22,36.44],[137.21,36.43],[137.19,36.45],[137.18,36.45],[137.17,36.45],[137.15,36.45],[137.14,36.44],[137.12,36.42],[137.11,36.41],[137.1,36.4],[137.09,36.38],[137.07,36.38],[137.06,36.37],[137.05,36.35],[137.05,36.34],[137.04,36.32],[137.02,36.32],[137.02,36.31],[137.01,36.29],[137.0,36.29],[136.98,36.27],[136.97,36.28],[136.96,36.28],[136.97,36.3],[136.97,36.31],[136.96,36.34],[136.95,36.35],[136.93,36.35],[136.9,36.36],[136.89,36.35],[136.87,36.34],[136.87,36.35],[136.87,36.36],[136.87,36.37],[136.87,36.35],[136.85,36.35],[136.84,36.35],[136.84,36.33],[136.83,36.31],[136.83,36.3],[136.8,36.31],[136.79,36.32],[136.79,36.34],[136.79,36.35],[136.8,36.36],[136.8,36.37],[136.8,36.39],[136.78,36.41],[136.77,36.42],[136.77,36.43],[136.78,36.44],[136.79,36.45],[136.8,36.47],[136.8,36.49],[136.79,36.5],[136.8,36.51],[136.81,36.53],[136.8,36.57],[136.79,36.58],[136.79,36.59],[136.79,36.61],[136.78,36.61],[136.79,36.63],[136.8,36.64],[136.81,36.65],[136.82,36.66],[136.82,36.67],[136.82,36.69],[136.82,36.7],[136.8,36.71],[136.79,36.72],[136.81,36.73],[136.82,36.74],[136.83,36.74],[136.84,36.76],[136.85,36.77],[136.85,36.79],[136.85,36.81],[136.86,36.83],[136.86,36.84],[136.87,36.85],[136.86,36.86],[136.87,36.87],[136.88,36.88],[136.88,36.9],[136.89,36.92],[136.9,36.92],[136.91,36.93],[136.92,36.94],[136.93,36.95],[136.96,36.95],[136.97,36.94],[136.99,36.97],[137.0,36.96],[137.03,36.96],[137.05,36.96],[137.03,36.92],[137.02,36.91],[137.0,36.89],[136.98,36.87],[136.99,36.86],[137.01,36.84],[137.05,36.81],[137.07,36.79],[137.08,36.79],[137.09,36.78],[137.1,36.78],[137.11,36.78],[137.1,36.78],[137.1,36.77],[137.09,36.77],[137.11,36.77],[137.13,36.76],[137.12,36.77],[137.12,36.78],[137.14,36.78],[137.14,36.77],[137.18,36.76],[137.19,36.76],[137.22,36.76],[137.23,36.77],[137.24,36.77],[137.27,36.76],[137.3,36.76],[137.33,36.76],[137.34,36.78],[137.38,36.8],[137.39,36.82],[137.41,36.85],[137.42,36.87],[137.41,36.9],[137.43,36.92],[137.45,36.94],[137.49,36.95],[137.54,36.96],[137.59,36.97],[137.62,36.98],[137.63,36.98]]]]}},{"type":"Feature","properties":{"nam_ja":"東京都","id":13},"geometry":{"type":"MultiPolygon","coordinates":[[[[138.94,35.85],[138.95,35.87],[138.97,35.88],[138.98,35.88],[139.0,35.88],[139.02,35.9],[139.05,35.88],[139.07,35.87],[139.09,35.87],[139.1,35.87],[139.14,35.86],[139.16,35.85],[139.2,35.84],[139.21,35.85],[139.23,35.84],[139.24,35.84],[139.26,35.84],[139.27,35.84],[139.28,35.84],[139.29,35.84],[139.3,35.83],[139.31,35.83],[139.32,35.81],[139.33,35.79],[139.35,35.8],[139.37,35.79],[139.37,35.78],[139.38,35.78],[139.38,35.77],[139.39,35.76],[139.4,35.77],[139.42,35.77],[139.43,35.77],[139.44,35.77],[139.45,35.77],[139.46,35.77],[139.47,35.78],[139.48,35.78],[139.49,35.78],[139.5,35.78],[139.51,35.78],[139.52,35.79],[139.53,35.8],[139.55,35.8],[139.54,35.78],[139.52,35.77],[139.55,35.77],[139.55,35.75],[139.56,35.76],[139.57,35.76],[139.57,35.77],[139.58,35.77],[139.59,35.78],[139.6,35.78],[139.6,35.77],[139.61,35.77],[139.62,35.77],[139.64,35.79],[139.65,35.8],[139.69,35.8],[139.71,35.79],[139.74,35.79],[139.75,35.78],[139.76,35.79],[139.75,35.81],[139.76,35.81],[139.77,35.82],[139.8,35.81],[139.82,35.82],[139.82,35.8],[139.84,35.8],[139.86,35.79],[139.87,35.8],[139.87,35.78],[139.89,35.78],[139.88,35.77],[139.89,35.75],[139.9,35.74],[139.9,35.72],[139.92,35.7],[139.89,35.68],[139.89,35.65],[139.87,35.64],[139.85,35.64],[139.84,35.63],[139.83,35.63],[139.81,35.64],[139.8,35.63],[139.8,35.62],[139.78,35.64],[139.8,35.64],[139.79,35.65],[139.77,35.65],[139.76,35.65],[139.76,35.64],[139.75,35.64],[139.75,35.63],[139.75,35.61],[139.75,35.59],[139.75,35.58],[139.75,35.56],[139.77,35.57],[139.79,35.53],[139.76,35.54],[139.74,35.54],[139.7,35.54],[139.7,35.55],[139.68,35.56],[139.67,35.59],[139.63,35.61],[139.62,35.61],[139.6,35.62],[139.59,35.62],[139.57,35.63],[139.55,35.63],[139.53,35.64],[139.52,35.63],[139.51,35.62],[139.5,35.62],[139.5,35.61],[139.49,35.6],[139.48,35.61],[139.47,35.62],[139.46,35.62],[139.45,35.6],[139.47,35.61],[139.48,35.6],[139.48,35.59],[139.49,35.59],[139.49,35.58],[139.51,35.58],[139.5,35.57],[139.49,35.56],[139.49,35.58],[139.48,35.58],[139.47,35.56],[139.48,35.56],[139.48,35.54],[139.49,35.53],[139.48,35.51],[139.48,35.5],[139.47,35.5],[139.46,35.52],[139.44,35.54],[139.43,35.55],[139.42,35.56],[139.4,35.58],[139.39,35.59],[139.38,35.59],[139.36,35.6],[139.33,35.6],[139.31,35.6],[139.3,35.61],[139.27,35.61],[139.26,35.6],[139.24,35.61],[139.23,35.62],[139.22,35.63],[139.21,35.65],[139.19,35.65],[139.18,35.65],[139.17,35.66],[139.15,35.67],[139.13,35.67],[139.12,35.68],[139.09,35.69],[139.07,35.7],[139.05,35.7],[139.03,35.72],[139.01,35.74],[139.0,35.75],[138.99,35.75],[138.99,35.78],[138.98,35.79],[138.97,35.81],[138.96,35.83],[138.95,35.85],[138.94,35.85]]]]}},{"type":"Feature","properties":{"nam_ja":"埼玉県","id":11},"geometry":{"type":"MultiPolygon","coordinates":[[[[139.13,36.28],[139.16,36.28],[139.2,36.26],[139.21,36.26],[139.24,36.25],[139.26,36.25],[139.27,36.25],[139.3,36.25],[139.31,36.23],[139.33,36.24],[139.34,36.25],[139.35,36.25],[139.36,36.25],[139.37,36.25],[139.39,36.23],[139.42,36.22],[139.44,36.2],[139.49,36.19],[139.51,36.19],[139.56,36.2],[139.6,36.21],[139.62,36.19],[139.65,36.2],[139.66,36.21],[139.68,36.2],[139.69,36.2],[139.69,36.17],[139.7,36.15],[139.73,36.11],[139.73,36.09],[139.75,36.09],[139.77,36.08],[139.78,36.09],[139.79,36.06],[139.82,36.03],[139.82,36.0],[139.83,35.97],[139.85,35.94],[139.87,35.92],[139.9,35.87],[139.89,35.85],[139.89,35.83],[139.89,35.8],[139.89,35.78],[139.87,35.78],[139.87,35.8],[139.86,35.79],[139.84,35.8],[139.82,35.8],[139.82,35.82],[139.8,35.81],[139.77,35.82],[139.76,35.81],[139.75,35.81],[139.76,35.79],[139.75,35.78],[139.74,35.79],[139.71,35.79],[139.69,35.8],[139.65,35.8],[139.64,35.79],[139.62,35.77],[139.61,35.77],[139.6,35.77],[139.6,35.78],[139.59,35.78],[139.58,35.77],[139.57,35.77],[139.57,35.76],[139.56,35.76],[139.55,35.75],[139.55,35.77],[139.52,35.77],[139.54,35.78],[139.55,35.8],[139.53,35.8],[139.52,35.79],[139.51,35.78],[139.5,35.78],[139.49,35.78],[139.48,35.78],[139.47,35.78],[139.46,35.77],[139.45,35.77],[139.44,35.77],[139.43,35.77],[139.42,35.77],[139.4,35.77],[139.39,35.76],[139.38,35.77],[139.38,35.78],[139.37,35.78],[139.37,35.79],[139.35,35.8],[139.33,35.79],[139.32,35.81],[139.31,35.83],[139.3,35.83],[139.29,35.84],[139.28,35.84],[139.27,35.84],[139.26,35.84],[139.24,35.84],[139.23,35.84],[139.21,35.85],[139.2,35.84],[139.16,35.85],[139.14,35.86],[139.1,35.87],[139.09,35.87],[139.07,35.87],[139.05,35.88],[139.02,35.9],[139.0,35.88],[138.98,35.88],[138.97,35.88],[138.95,35.87],[138.94,35.85],[138.91,35.85],[138.89,35.84],[138.87,35.85],[138.86,35.86],[138.84,35.87],[138.82,35.87],[138.8,35.87],[138.79,35.89],[138.76,35.9],[138.74,35.91],[138.73,35.91],[138.74,35.93],[138.73,35.94],[138.72,35.96],[138.71,35.99],[138.74,36.0],[138.74,36.01],[138.75,36.03],[138.77,36.04],[138.78,36.03],[138.81,36.03],[138.83,36.04],[138.84,36.05],[138.85,36.07],[138.87,36.08],[138.89,36.09],[138.91,36.09],[138.94,36.09],[138.96,36.11],[138.96,36.12],[138.98,36.12],[138.99,36.12],[139.0,36.13],[139.02,36.13],[139.04,36.13],[139.04,36.15],[139.06,36.15],[139.06,36.16],[139.06,36.18],[139.08,36.22],[139.11,36.26],[139.12,36.27],[139.13,36.28]]]]}},{"type":"Feature","properties":{"nam_ja":"山口県","id":35},"geometry":{"type":"MultiPolygon","coordinates":[[[[131.69,34.68],[131.69,34.67],[131.69,34.66],[131.69,34.65],[131.7,34.63],[131.7,34.61],[131.72,34.61],[131.72,34.6],[131.72,34.59],[131.73,34.58],[131.72,34.57],[131.7,34.56],[131.7,34.55],[131.7,34.54],[131.7,34.53],[131.68,34.52],[131.67,34.51],[131.67,34.5],[131.68,34.48],[131.69,34.48],[131.69,34.46],[131.7,34.45],[131.7,34.44],[131.71,34.43],[131.73,34.43],[131.75,34.44],[131.76,34.43],[131.77,34.44],[131.79,34.44],[131.79,34.41],[131.78,34.4],[131.76,34.38],[131.77,34.37],[131.77,34.36],[131.77,34.34],[131.78,34.33],[131.79,34.33],[131.8,34.32],[131.81,34.31],[131.83,34.3],[131.84,34.31],[131.85,34.31],[131.87,34.31],[131.88,34.31],[131.89,34.33],[131.91,34.33],[131.92,34.34],[131.93,34.33],[131.95,34.32],[131.96,34.32],[131.97,34.33],[131.98,34.34],[131.99,34.36],[132.01,34.37],[132.01,34.38],[132.0,34.39],[131.99,34.41],[132.0,34.43],[132.01,34.44],[132.02,34.46],[132.04,34.47],[132.05,34.47],[132.07,34.47],[132.08,34.44],[132.08,34.43],[132.07,34.42],[132.07,34.4],[132.08,34.39],[132.07,34.37],[132.07,34.36],[132.09,34.35],[132.1,34.34],[132.11,34.33],[132.13,34.33],[132.12,34.32],[132.12,34.31],[132.13,34.3],[132.13,34.29],[132.13,34.27],[132.14,34.26],[132.14,34.24],[132.15,34.23],[132.16,34.23],[132.17,34.23],[132.19,34.23],[132.2,34.23],[132.2,34.2],[132.22,34.2],[132.25,34.2],[132.23,34.2],[132.24,34.19],[132.23,34.18],[132.24,34.18],[132.24,34.17],[132.25,34.17],[132.25,34.16],[132.25,34.15],[132.24,34.15],[132.23,34.13],[132.2,34.13],[132.2,34.12],[132.2,34.11],[132.21,34.07],[132.21,34.05],[132.22,34.04],[132.21,34.0],[132.2,33.98],[132.18,33.96],[132.16,33.96],[132.13,33.96],[132.12,33.95],[132.12,33.94],[132.12,33.93],[132.13,33.91],[132.13,33.9],[132.13,33.89],[132.13,33.88],[132.15,33.88],[132.15,33.87],[132.16,33.85],[132.14,33.84],[132.13,33.83],[132.12,33.84],[132.12,33.86],[132.12,33.87],[132.11,33.88],[132.09,33.89],[132.08,33.89],[132.07,33.91],[132.05,33.91],[132.05,33.92],[132.06,33.92],[132.05,33.92],[132.04,33.91],[132.02,33.9],[132.0,33.91],[131.99,33.92],[131.97,33.92],[131.98,33.92],[131.97,33.92],[131.96,33.93],[131.96,33.94],[131.95,33.95],[131.93,33.96],[131.92,33.95],[131.92,33.96],[131.9,33.97],[131.9,33.98],[131.89,33.98],[131.87,33.99],[131.86,34.0],[131.86,34.01],[131.84,34.01],[131.83,34.01],[131.82,33.99],[131.8,33.98],[131.81,33.98],[131.82,33.98],[131.8,33.97],[131.79,33.97],[131.78,33.98],[131.76,33.98],[131.78,33.98],[131.78,33.99],[131.8,34.01],[131.81,34.02],[131.82,34.02],[131.82,34.03],[131.81,34.04],[131.8,34.04],[131.78,34.03],[131.8,34.05],[131.79,34.05],[131.8,34.05],[131.79,34.06],[131.79,34.05],[131.78,34.06],[131.77,34.05],[131.76,34.06],[131.76,34.05],[131.74,34.05],[131.74,34.06],[131.75,34.06],[131.75,34.07],[131.74,34.07],[131.74,34.06],[131.72,34.06],[131.71,34.06],[131.7,34.06],[131.7,34.05],[131.69,34.05],[131.68,34.05],[131.67,34.04],[131.66,34.04],[131.64,34.05],[131.63,34.05],[131.61,34.03],[131.6,34.03],[131.6,34.04],[131.59,34.03],[131.59,34.04],[131.59,34.03],[131.58,34.02],[131.56,34.01],[131.55,34.0],[131.54,34.01],[131.54,34.0],[131.53,34.0],[131.52,34.0],[131.51,34.0],[131.51,34.01],[131.5,34.02],[131.48,34.03],[131.47,34.03],[131.47,34.02],[131.48,34.01],[131.46,34.01],[131.45,34.0],[131.46,33.99],[131.45,33.99],[131.44,33.98],[131.43,33.99],[131.43,34.01],[131.42,34.01],[131.41,34.01],[131.41,34.0],[131.4,33.98],[131.4,34.0],[131.4,34.01],[131.41,34.01],[131.42,34.02],[131.4,34.03],[131.39,34.03],[131.4,34.04],[131.39,34.05],[131.38,34.04],[131.38,34.03],[131.37,34.03],[131.38,34.01],[131.37,34.0],[131.36,33.99],[131.35,33.98],[131.35,33.97],[131.34,33.96],[131.33,33.95],[131.31,33.95],[131.3,33.94],[131.28,33.94],[131.29,33.93],[131.26,33.93],[131.25,33.93],[131.25,33.94],[131.23,33.93],[131.24,33.94],[131.25,33.94],[131.25,33.95],[131.24,33.95],[131.23,33.94],[131.21,33.94],[131.2,33.94],[131.18,33.93],[131.16,33.95],[131.16,33.96],[131.17,33.96],[131.16,33.96],[131.17,33.97],[131.17,33.98],[131.17,33.99],[131.17,34.0],[131.15,33.99],[131.13,34.0],[131.13,33.99],[131.12,34.0],[131.11,34.02],[131.09,34.04],[131.08,34.04],[131.06,34.04],[131.05,34.04],[131.04,34.05],[131.04,34.06],[131.03,34.04],[131.01,34.03],[131.02,34.02],[131.01,34.02],[131.0,34.01],[131.01,34.0],[131.0,34.0],[130.99,33.99],[130.96,33.96],[130.94,33.95],[130.93,33.95],[130.93,33.94],[130.92,33.94],[130.92,33.92],[130.92,33.91],[130.9,33.92],[130.91,33.92],[130.9,33.92],[130.9,33.93],[130.89,33.94],[130.87,33.95],[130.88,33.95],[130.89,33.95],[130.9,33.95],[130.92,33.95],[130.91,33.95],[130.91,33.97],[130.91,33.99],[130.91,34.0],[130.91,34.02],[130.91,34.04],[130.9,34.06],[130.9,34.07],[130.89,34.07],[130.88,34.08],[130.88,34.09],[130.87,34.09],[130.87,34.1],[130.86,34.11],[130.86,34.12],[130.87,34.14],[130.88,34.14],[130.89,34.13],[130.9,34.15],[130.91,34.16],[130.93,34.18],[130.93,34.2],[130.92,34.21],[130.92,34.22],[130.92,34.24],[130.9,34.26],[130.89,34.27],[130.87,34.28],[130.87,34.3],[130.88,34.31],[130.89,34.31],[130.89,34.32],[130.89,34.33],[130.89,34.34],[130.89,34.35],[130.9,34.35],[130.9,34.36],[130.91,34.35],[130.92,34.35],[130.93,34.34],[130.93,34.35],[130.94,34.35],[130.95,34.35],[130.96,34.36],[130.97,34.36],[130.99,34.37],[131.0,34.37],[131.02,34.37],[131.03,34.37],[131.03,34.38],[131.02,34.39],[131.02,34.4],[131.0,34.4],[130.99,34.4],[130.97,34.41],[130.95,34.4],[130.96,34.4],[130.94,34.39],[130.93,34.4],[130.94,34.4],[130.96,34.42],[130.97,34.43],[130.97,34.44],[130.98,34.43],[131.0,34.43],[131.0,34.42],[131.02,34.41],[131.03,34.41],[131.05,34.41],[131.06,34.42],[131.07,34.42],[131.09,34.42],[131.1,34.42],[131.11,34.41],[131.12,34.41],[131.13,34.42],[131.14,34.41],[131.14,34.38],[131.15,34.38],[131.17,34.37],[131.18,34.38],[131.2,34.4],[131.2,34.39],[131.2,34.38],[131.22,34.38],[131.22,34.39],[131.23,34.39],[131.25,34.38],[131.26,34.39],[131.27,34.39],[131.28,34.39],[131.28,34.38],[131.29,34.38],[131.31,34.38],[131.32,34.39],[131.33,34.41],[131.33,34.42],[131.34,34.42],[131.35,34.42],[131.36,34.41],[131.37,34.41],[131.38,34.42],[131.39,34.42],[131.4,34.42],[131.4,34.43],[131.41,34.43],[131.42,34.44],[131.41,34.44],[131.4,34.45],[131.4,34.46],[131.41,34.45],[131.42,34.45],[131.43,34.47],[131.44,34.47],[131.44,34.48],[131.45,34.49],[131.46,34.49],[131.46,34.5],[131.46,34.51],[131.45,34.51],[131.45,34.52],[131.46,34.53],[131.48,34.53],[131.49,34.53],[131.5,34.53],[131.51,34.55],[131.52,34.55],[131.52,34.56],[131.54,34.56],[131.55,34.58],[131.55,34.59],[131.55,34.61],[131.57,34.62],[131.58,34.62],[131.59,34.62],[131.6,34.62],[131.6,34.63],[131.59,34.63],[131.59,34.64],[131.59,34.65],[131.6,34.66],[131.61,34.66],[131.62,34.66],[131.63,34.67],[131.63,34.66],[131.64,34.66],[131.64,34.65],[131.64,34.64],[131.65,34.64],[131.65,34.65],[131.66,34.66],[131.67,34.66],[131.67,34.67],[131.67,34.68],[131.68,34.67],[131.68,34.68],[131.69,34.68]]],[[[132.21,33.86],[132.2,33.87],[132.2,33.88],[132.19,33.89],[132.18,33.9],[132.18,33.93],[132.19,33.93],[132.19,33.95],[132.21,33.95],[132.21,33.97],[132.22,33.96],[132.24,33.96],[132.27,33.95],[132.28,33.95],[132.29,33.95],[132.29,33.94],[132.3,33.92],[132.31,33.91],[132.32,33.92],[132.32,33.91],[132.33,33.9],[132.34,33.9],[132.36,33.91],[132.36,33.92],[132.37,33.93],[132.38,33.93],[132.4,33.93],[132.41,33.94],[132.43,33.95],[132.44,33.95],[132.45,33.94],[132.47,33.95],[132.46,33.94],[132.44,33.93],[132.43,33.93],[132.42,33.92],[132.41,33.92],[132.41,33.91],[132.4,33.92],[132.39,33.91],[132.37,33.91],[132.37,33.9],[132.37,33.89],[132.37,33.88],[132.37,33.86],[132.35,33.87],[132.34,33.87],[132.33,33.86],[132.33,33.87],[132.33,33.89],[132.33,33.88],[132.32,33.89],[132.31,33.89],[132.29,33.89],[132.29,33.9],[132.28,33.9],[132.27,33.89],[132.27,33.87],[132.26,33.88],[132.24,33.87],[132.23,33.88],[132.21,33.87],[132.21,33.86]]]]}},{"type":"Feature","properties":{"nam_ja":"福島県","id":7},"geometry":{"type":"MultiPolygon","coordinates":[[[[140.28,37.98],[140.3,37.97],[140.32,37.96],[140.34,37.96],[140.36,37.95],[140.37,37.96],[140.39,37.95],[140.41,37.97],[140.42,37.96],[140.44,37.96],[140.46,37.95],[140.47,37.94],[140.48,37.91],[140.49,37.9],[140.5,37.91],[140.52,37.91],[140.53,37.91],[140.56,37.91],[140.56,37.92],[140.57,37.92],[140.58,37.91],[140.6,37.91],[140.61,37.91],[140.62,37.91],[140.63,37.9],[140.66,37.9],[140.69,37.88],[140.69,37.87],[140.69,37.85],[140.69,37.84],[140.69,37.82],[140.69,37.81],[140.71,37.8],[140.72,37.79],[140.75,37.79],[140.76,37.78],[140.8,37.78],[140.79,37.78],[140.78,37.79],[140.77,37.8],[140.78,37.8],[140.81,37.8],[140.83,37.8],[140.86,37.8],[140.86,37.81],[140.85,37.83],[140.85,37.84],[140.86,37.85],[140.86,37.87],[140.86,37.89],[140.87,37.9],[140.89,37.9],[140.9,37.9],[140.92,37.89],[140.93,37.9],[140.94,37.87],[140.94,37.86],[140.96,37.86],[140.96,37.84],[140.96,37.83],[140.97,37.83],[140.98,37.83],[140.99,37.8],[141.0,37.76],[141.01,37.74],[141.01,37.71],[141.01,37.68],[141.02,37.67],[141.03,37.67],[141.02,37.66],[141.03,37.61],[141.03,37.55],[141.04,37.49],[141.04,37.47],[141.04,37.43],[141.04,37.42],[141.03,37.43],[141.04,37.42],[141.04,37.38],[141.04,37.36],[141.03,37.35],[141.03,37.34],[141.04,37.32],[141.03,37.32],[141.03,37.31],[141.03,37.32],[141.03,37.31],[141.03,37.3],[141.01,37.24],[141.02,37.23],[141.03,37.24],[141.01,37.23],[141.0,37.18],[141.0,37.16],[141.0,37.15],[141.0,37.14],[141.0,37.12],[140.99,37.11],[140.98,37.07],[140.98,37.01],[140.98,36.99],[140.97,36.98],[140.97,36.97],[140.96,36.97],[140.95,36.96],[140.94,36.95],[140.92,36.93],[140.92,36.94],[140.91,36.94],[140.9,36.94],[140.89,36.94],[140.87,36.93],[140.87,36.92],[140.86,36.92],[140.84,36.91],[140.83,36.91],[140.82,36.91],[140.79,36.86],[140.77,36.87],[140.77,36.86],[140.76,36.86],[140.76,36.87],[140.73,36.87],[140.72,36.87],[140.71,36.88],[140.7,36.88],[140.69,36.89],[140.67,36.9],[140.65,36.9],[140.64,36.9],[140.62,36.9],[140.6,36.92],[140.59,36.93],[140.59,36.94],[140.58,36.94],[140.57,36.94],[140.57,36.91],[140.58,36.9],[140.59,36.88],[140.58,36.87],[140.57,36.86],[140.56,36.86],[140.55,36.86],[140.53,36.85],[140.52,36.84],[140.51,36.82],[140.5,36.82],[140.49,36.82],[140.48,36.8],[140.46,36.79],[140.46,36.8],[140.44,36.82],[140.42,36.82],[140.42,36.83],[140.41,36.83],[140.39,36.84],[140.38,36.84],[140.37,36.86],[140.37,36.87],[140.36,36.88],[140.33,36.89],[140.32,36.91],[140.3,36.93],[140.29,36.93],[140.27,36.93],[140.26,36.94],[140.24,36.94],[140.25,36.96],[140.25,36.97],[140.25,36.98],[140.25,36.99],[140.24,37.0],[140.25,37.0],[140.25,37.01],[140.25,37.03],[140.22,37.02],[140.21,37.02],[140.2,37.03],[140.2,37.04],[140.19,37.06],[140.19,37.07],[140.17,37.07],[140.15,37.09],[140.14,37.11],[140.13,37.11],[140.1,37.12],[140.08,37.12],[140.05,37.13],[140.04,37.14],[140.02,37.14],[140,37.14],[139.98,37.15],[139.96,37.15],[139.94,37.15],[139.92,37.15],[139.9,37.15],[139.87,37.15],[139.85,37.14],[139.83,37.13],[139.82,37.12],[139.82,37.11],[139.82,37.09],[139.81,37.08],[139.78,37.09],[139.77,37.08],[139.75,37.07],[139.74,37.07],[139.73,37.07],[139.71,37.07],[139.7,37.06],[139.68,37.06],[139.67,37.04],[139.65,37.04],[139.63,37.03],[139.62,37.03],[139.62,37.02],[139.6,37.01],[139.58,37.01],[139.56,37.0],[139.55,36.99],[139.53,36.98],[139.52,36.98],[139.49,36.97],[139.47,36.97],[139.46,36.96],[139.44,36.95],[139.43,36.93],[139.42,36.92],[139.4,36.92],[139.38,36.92],[139.36,36.92],[139.35,36.91],[139.35,36.93],[139.32,36.93],[139.29,36.93],[139.27,36.94],[139.24,36.93],[139.23,36.94],[139.24,36.94],[139.24,36.95],[139.25,36.96],[139.25,36.97],[139.25,36.98],[139.26,36.99],[139.24,37.01],[139.25,37.03],[139.26,37.04],[139.26,37.06],[139.25,37.07],[139.24,37.09],[139.24,37.1],[139.25,37.15],[139.25,37.16],[139.25,37.17],[139.24,37.18],[139.24,37.19],[139.23,37.2],[139.22,37.21],[139.21,37.2],[139.19,37.2],[139.18,37.22],[139.17,37.25],[139.18,37.26],[139.2,37.27],[139.22,37.3],[139.22,37.32],[139.22,37.33],[139.23,37.34],[139.24,37.38],[139.23,37.39],[139.22,37.39],[139.2,37.41],[139.21,37.42],[139.22,37.44],[139.23,37.45],[139.25,37.45],[139.27,37.45],[139.29,37.45],[139.32,37.46],[139.33,37.46],[139.35,37.47],[139.37,37.47],[139.4,37.46],[139.4,37.47],[139.41,37.49],[139.41,37.51],[139.43,37.51],[139.44,37.52],[139.46,37.51],[139.48,37.5],[139.48,37.51],[139.5,37.51],[139.52,37.51],[139.54,37.51],[139.56,37.5],[139.59,37.51],[139.59,37.53],[139.58,37.53],[139.57,37.54],[139.57,37.56],[139.57,37.58],[139.57,37.59],[139.56,37.6],[139.55,37.61],[139.55,37.62],[139.55,37.64],[139.56,37.65],[139.58,37.66],[139.59,37.67],[139.61,37.68],[139.62,37.69],[139.62,37.7],[139.62,37.71],[139.64,37.72],[139.65,37.74],[139.66,37.75],[139.68,37.77],[139.7,37.8],[139.73,37.81],[139.74,37.83],[139.72,37.84],[139.71,37.85],[139.68,37.85],[139.7,37.85],[139.72,37.85],[139.73,37.83],[139.74,37.82],[139.76,37.82],[139.78,37.83],[139.8,37.81],[139.81,37.81],[139.83,37.82],[139.86,37.83],[139.87,37.82],[139.88,37.81],[139.9,37.81],[139.93,37.81],[139.93,37.83],[139.94,37.83],[139.96,37.81],[139.97,37.79],[139.97,37.78],[139.98,37.76],[140.0,37.76],[140.02,37.76],[140.04,37.77],[140.05,37.78],[140.06,37.77],[140.08,37.76],[140.1,37.75],[140.11,37.74],[140.13,37.74],[140.15,37.75],[140.17,37.76],[140.2,37.75],[140.21,37.75],[140.24,37.75],[140.26,37.77],[140.27,37.78],[140.28,37.79],[140.29,37.8],[140.29,37.81],[140.28,37.82],[140.26,37.84],[140.27,37.86],[140.27,37.87],[140.27,37.89],[140.26,37.91],[140.27,37.92],[140.28,37.93],[140.28,37.95],[140.27,37.96],[140.28,37.98]]]]}},{"type":"Feature","properties":{"nam_ja":"石川県","id":17},"geometry":{"type":"MultiPolygon","coordinates":[[[[137.09,37.47],[137.09,37.48],[137.11,37.48],[137.12,37.49],[137.14,37.5],[137.17,37.5],[137.19,37.5],[137.2,37.51],[137.22,37.51],[137.22,37.52],[137.23,37.52],[137.24,37.52],[137.25,37.52],[137.25,37.53],[137.26,37.53],[137.28,37.53],[137.29,37.53],[137.31,37.53],[137.33,37.53],[137.34,37.52],[137.35,37.5],[137.34,37.49],[137.36,37.46],[137.34,37.44],[137.31,37.44],[137.27,37.44],[137.27,37.43],[137.26,37.43],[137.24,37.41],[137.24,37.39],[137.25,37.37],[137.25,37.35],[137.27,37.36],[137.26,37.35],[137.25,37.34],[137.26,37.34],[137.26,37.33],[137.25,37.32],[137.24,37.31],[137.23,37.31],[137.23,37.3],[137.22,37.3],[137.21,37.3],[137.2,37.3],[137.19,37.3],[137.17,37.3],[137.16,37.3],[137.15,37.31],[137.15,37.3],[137.13,37.29],[137.11,37.28],[137.09,37.26],[137.09,37.25],[137.08,37.24],[137.07,37.22],[137.06,37.21],[137.04,37.21],[137.03,37.2],[137.03,37.19],[137.02,37.19],[137.0,37.19],[136.99,37.2],[136.98,37.21],[136.97,37.2],[136.97,37.21],[136.96,37.21],[136.95,37.22],[136.96,37.23],[136.96,37.24],[136.94,37.23],[136.93,37.23],[136.92,37.23],[136.93,37.22],[136.92,37.23],[136.91,37.22],[136.92,37.21],[136.93,37.21],[136.92,37.21],[136.91,37.2],[136.91,37.19],[136.9,37.18],[136.89,37.17],[136.88,37.15],[136.88,37.14],[136.89,37.14],[136.9,37.14],[136.89,37.11],[136.88,37.11],[136.87,37.11],[136.86,37.1],[136.87,37.09],[136.86,37.08],[136.86,37.07],[136.88,37.07],[136.89,37.07],[136.9,37.08],[136.91,37.09],[136.92,37.09],[136.93,37.09],[136.94,37.08],[136.94,37.07],[136.95,37.07],[136.96,37.06],[136.96,37.05],[136.97,37.05],[136.98,37.05],[136.99,37.05],[136.99,37.06],[137.0,37.06],[137.0,37.07],[137.01,37.07],[137.01,37.09],[137.02,37.1],[137.03,37.1],[137.04,37.11],[137.05,37.11],[137.05,37.1],[137.05,37.09],[137.05,37.07],[137.05,37.05],[137.05,37.02],[137.05,37.0],[137.05,36.98],[137.05,36.96],[137.02,36.96],[137.0,36.97],[136.98,36.96],[136.97,36.95],[136.95,36.96],[136.93,36.95],[136.92,36.94],[136.91,36.93],[136.9,36.92],[136.89,36.91],[136.88,36.89],[136.88,36.88],[136.87,36.87],[136.86,36.86],[136.86,36.85],[136.86,36.84],[136.85,36.82],[136.85,36.81],[136.85,36.79],[136.85,36.77],[136.84,36.75],[136.83,36.74],[136.82,36.73],[136.81,36.73],[136.79,36.72],[136.8,36.71],[136.81,36.69],[136.82,36.68],[136.82,36.67],[136.81,36.66],[136.81,36.65],[136.8,36.64],[136.79,36.63],[136.79,36.61],[136.79,36.6],[136.79,36.59],[136.79,36.57],[136.81,36.56],[136.8,36.52],[136.79,36.51],[136.8,36.49],[136.8,36.48],[136.8,36.46],[136.79,36.45],[136.78,36.43],[136.77,36.42],[136.77,36.41],[136.8,36.4],[136.8,36.38],[136.81,36.36],[136.8,36.35],[136.78,36.34],[136.79,36.33],[136.79,36.31],[136.8,36.29],[136.81,36.27],[136.82,36.27],[136.83,36.26],[136.84,36.26],[136.85,36.25],[136.84,36.23],[136.83,36.21],[136.82,36.2],[136.81,36.19],[136.79,36.17],[136.78,36.17],[136.77,36.16],[136.78,36.15],[136.78,36.13],[136.76,36.11],[136.75,36.09],[136.73,36.08],[136.7,36.08],[136.69,36.07],[136.67,36.07],[136.66,36.07],[136.66,36.08],[136.64,36.1],[136.62,36.11],[136.61,36.12],[136.6,36.13],[136.59,36.13],[136.57,36.14],[136.56,36.15],[136.54,36.15],[136.53,36.15],[136.51,36.15],[136.5,36.15],[136.48,36.16],[136.46,36.14],[136.44,36.14],[136.42,36.15],[136.41,36.16],[136.41,36.17],[136.37,36.17],[136.35,36.17],[136.34,36.19],[136.33,36.2],[136.33,36.22],[136.33,36.23],[136.32,36.24],[136.31,36.25],[136.3,36.26],[136.29,36.26],[136.28,36.26],[136.27,36.27],[136.26,36.27],[136.26,36.28],[136.26,36.29],[136.24,36.3],[136.27,36.32],[136.29,36.34],[136.3,36.35],[136.31,36.35],[136.32,36.35],[136.35,36.37],[136.43,36.43],[136.49,36.5],[136.52,36.53],[136.57,36.59],[136.59,36.6],[136.61,36.62],[136.61,36.64],[136.62,36.64],[136.68,36.71],[136.72,36.79],[136.75,36.85],[136.77,36.92],[136.76,36.92],[136.75,36.93],[136.76,36.95],[136.77,36.96],[136.77,36.99],[136.76,37.0],[136.75,37.01],[136.74,37.02],[136.74,37.03],[136.74,37.04],[136.73,37.05],[136.72,37.06],[136.72,37.08],[136.73,37.08],[136.72,37.09],[136.73,37.09],[136.73,37.1],[136.73,37.12],[136.73,37.13],[136.71,37.15],[136.7,37.14],[136.69,37.14],[136.67,37.14],[136.67,37.16],[136.68,37.18],[136.68,37.2],[136.69,37.21],[136.69,37.22],[136.7,37.22],[136.7,37.24],[136.7,37.25],[136.71,37.25],[136.73,37.28],[136.73,37.29],[136.73,37.3],[136.72,37.31],[136.72,37.33],[136.74,37.34],[136.75,37.34],[136.76,37.35],[136.76,37.36],[136.77,37.37],[136.78,37.37],[136.79,37.38],[136.81,37.38],[136.81,37.39],[136.82,37.39],[136.83,37.39],[136.84,37.4],[136.85,37.4],[136.87,37.41],[136.88,37.41],[136.9,37.41],[136.9,37.4],[136.91,37.4],[136.97,37.41],[136.98,37.42],[137.02,37.43],[137.03,37.43],[137.05,37.45],[137.07,37.46],[137.09,37.47]]]]}},{"type":"Feature","properties":{"nam_ja":"福井県","id":18},"geometry":{"type":"MultiPolygon","coordinates":[[[[136.24,36.3],[136.26,36.29],[136.26,36.28],[136.26,36.27],[136.27,36.27],[136.28,36.26],[136.29,36.26],[136.3,36.26],[136.31,36.25],[136.32,36.24],[136.33,36.23],[136.33,36.22],[136.33,36.2],[136.34,36.19],[136.35,36.17],[136.37,36.17],[136.41,36.17],[136.41,36.16],[136.42,36.15],[136.44,36.14],[136.46,36.14],[136.48,36.16],[136.5,36.15],[136.51,36.15],[136.53,36.15],[136.54,36.15],[136.56,36.15],[136.57,36.14],[136.59,36.13],[136.6,36.13],[136.61,36.12],[136.62,36.11],[136.64,36.1],[136.66,36.08],[136.66,36.07],[136.67,36.07],[136.69,36.07],[136.7,36.08],[136.73,36.08],[136.75,36.09],[136.76,36.07],[136.75,36.06],[136.73,36.05],[136.73,36.03],[136.73,36.01],[136.73,36.0],[136.75,35.97],[136.75,35.96],[136.78,35.95],[136.79,35.94],[136.79,35.92],[136.8,35.92],[136.82,35.9],[136.82,35.89],[136.83,35.87],[136.83,35.85],[136.8,35.84],[136.8,35.82],[136.78,35.8],[136.77,35.81],[136.75,35.81],[136.72,35.81],[136.71,35.79],[136.68,35.79],[136.67,35.79],[136.65,35.79],[136.64,35.81],[136.63,35.8],[136.62,35.79],[136.61,35.79],[136.6,35.8],[136.59,35.78],[136.57,35.78],[136.55,35.78],[136.52,35.78],[136.51,35.76],[136.51,35.75],[136.5,35.76],[136.49,35.78],[136.47,35.77],[136.45,35.78],[136.43,35.77],[136.42,35.78],[136.4,35.79],[136.38,35.8],[136.36,35.79],[136.35,35.78],[136.34,35.78],[136.32,35.77],[136.32,35.75],[136.32,35.73],[136.31,35.71],[136.3,35.69],[136.3,35.68],[136.29,35.67],[136.28,35.66],[136.26,35.67],[136.25,35.68],[136.23,35.68],[136.21,35.68],[136.2,35.69],[136.19,35.7],[136.17,35.7],[136.15,35.7],[136.14,35.68],[136.15,35.66],[136.15,35.65],[136.16,35.63],[136.18,35.6],[136.17,35.58],[136.16,35.57],[136.15,35.57],[136.13,35.58],[136.12,35.58],[136.11,35.57],[136.11,35.55],[136.11,35.53],[136.09,35.54],[136.08,35.53],[136.06,35.53],[136.05,35.53],[136.03,35.52],[136.02,35.51],[136.01,35.49],[135.99,35.49],[135.97,35.5],[135.96,35.5],[135.95,35.51],[135.94,35.52],[135.92,35.49],[135.92,35.48],[135.91,35.45],[135.91,35.43],[135.89,35.42],[135.89,35.4],[135.87,35.4],[135.85,35.41],[135.84,35.41],[135.82,35.41],[135.81,35.4],[135.8,35.39],[135.79,35.38],[135.78,35.37],[135.77,35.36],[135.75,35.36],[135.74,35.36],[135.73,35.35],[135.71,35.35],[135.7,35.34],[135.68,35.35],[135.66,35.36],[135.64,35.37],[135.61,35.37],[135.6,35.37],[135.59,35.37],[135.57,35.38],[135.55,35.38],[135.53,35.39],[135.53,35.4],[135.53,35.41],[135.52,35.42],[135.5,35.42],[135.5,35.43],[135.5,35.44],[135.49,35.45],[135.47,35.46],[135.46,35.47],[135.47,35.49],[135.47,35.5],[135.47,35.51],[135.45,35.52],[135.46,35.55],[135.48,35.56],[135.48,35.55],[135.47,35.54],[135.47,35.53],[135.48,35.53],[135.48,35.52],[135.49,35.53],[135.49,35.52],[135.5,35.52],[135.51,35.54],[135.5,35.54],[135.5,35.55],[135.51,35.55],[135.52,35.55],[135.52,35.54],[135.52,35.53],[135.51,35.52],[135.51,35.51],[135.51,35.5],[135.53,35.49],[135.55,35.49],[135.55,35.5],[135.55,35.49],[135.57,35.49],[135.58,35.5],[135.6,35.51],[135.62,35.52],[135.63,35.53],[135.64,35.54],[135.65,35.54],[135.66,35.55],[135.66,35.54],[135.66,35.53],[135.66,35.52],[135.65,35.53],[135.63,35.52],[135.64,35.52],[135.64,35.51],[135.64,35.5],[135.63,35.49],[135.62,35.49],[135.6,35.49],[135.58,35.49],[135.6,35.49],[135.61,35.48],[135.63,35.48],[135.64,35.48],[135.65,35.48],[135.67,35.49],[135.68,35.49],[135.7,35.49],[135.71,35.48],[135.72,35.49],[135.73,35.49],[135.74,35.5],[135.75,35.53],[135.76,35.53],[135.76,35.54],[135.75,35.53],[135.73,35.53],[135.72,35.52],[135.72,35.53],[135.7,35.54],[135.69,35.55],[135.71,35.56],[135.71,35.57],[135.72,35.57],[135.73,35.57],[135.74,35.57],[135.75,35.57],[135.75,35.55],[135.76,35.54],[135.77,35.55],[135.78,35.55],[135.79,35.54],[135.79,35.53],[135.8,35.53],[135.81,35.53],[135.82,35.53],[135.82,35.54],[135.83,35.53],[135.83,35.54],[135.83,35.55],[135.82,35.56],[135.81,35.56],[135.8,35.57],[135.81,35.58],[135.82,35.57],[135.83,35.56],[135.84,35.57],[135.85,35.58],[135.86,35.58],[135.86,35.59],[135.85,35.6],[135.84,35.61],[135.83,35.61],[135.84,35.62],[135.82,35.63],[135.83,35.63],[135.82,35.64],[135.81,35.64],[135.82,35.64],[135.84,35.64],[135.85,35.62],[135.86,35.62],[135.86,35.61],[135.87,35.61],[135.88,35.62],[135.9,35.61],[135.9,35.62],[135.91,35.61],[135.92,35.61],[135.94,35.62],[135.95,35.63],[135.96,35.62],[135.99,35.64],[135.97,35.66],[135.97,35.67],[135.98,35.7],[135.97,35.71],[135.96,35.71],[135.96,35.7],[135.96,35.72],[135.96,35.73],[135.97,35.73],[136.0,35.75],[136.01,35.76],[136.02,35.76],[136.04,35.74],[136.02,35.75],[136.04,35.73],[136.04,35.71],[136.04,35.7],[136.04,35.69],[136.03,35.69],[136.04,35.67],[136.04,35.66],[136.06,35.66],[136.07,35.66],[136.08,35.67],[136.08,35.68],[136.09,35.69],[136.08,35.7],[136.08,35.71],[136.1,35.72],[136.09,35.74],[136.1,35.77],[136.09,35.79],[136.07,35.82],[136.05,35.84],[136.03,35.85],[136.0,35.88],[136.0,35.89],[136.0,35.9],[136.0,35.91],[136.0,35.92],[135.99,35.94],[135.99,35.95],[135.97,35.96],[135.96,35.98],[135.96,35.99],[135.97,36.0],[135.98,36.01],[136.01,36.03],[136.02,36.05],[136.02,36.06],[136.03,36.07],[136.03,36.09],[136.03,36.1],[136.05,36.11],[136.05,36.12],[136.06,36.13],[136.07,36.13],[136.09,36.16],[136.11,36.19],[136.12,36.19],[136.13,36.19],[136.13,36.2],[136.12,36.2],[136.13,36.22],[136.13,36.24],[136.12,36.25],[136.13,36.25],[136.14,36.25],[136.15,36.25],[136.16,36.25],[136.2,36.26],[136.24,36.3]]]]}},{"type":"Feature","properties":{"nam_ja":"愛媛県","id":38},"geometry":{"type":"MultiPolygon","coordinates":[[[[132.53,33.64],[132.59,33.66],[132.62,33.68],[132.64,33.69],[132.66,33.71],[132.68,33.75],[132.69,33.76],[132.7,33.76],[132.7,33.77],[132.69,33.78],[132.7,33.79],[132.69,33.79],[132.69,33.81],[132.69,33.82],[132.69,33.83],[132.69,33.84],[132.7,33.84],[132.7,33.85],[132.71,33.86],[132.71,33.87],[132.7,33.88],[132.7,33.89],[132.71,33.89],[132.72,33.9],[132.73,33.9],[132.75,33.91],[132.76,33.92],[132.76,33.94],[132.77,33.98],[132.77,34.0],[132.78,34.01],[132.81,34.02],[132.82,34.03],[132.83,34.03],[132.85,34.04],[132.86,34.06],[132.87,34.06],[132.89,34.06],[132.92,34.06],[132.92,34.07],[132.92,34.08],[132.93,34.09],[132.93,34.1],[132.92,34.11],[132.91,34.11],[132.9,34.11],[132.89,34.12],[132.9,34.12],[132.92,34.12],[132.93,34.12],[132.94,34.14],[132.95,34.13],[132.96,34.12],[132.97,34.11],[132.98,34.11],[132.99,34.1],[133.0,34.07],[133.01,34.07],[133.02,34.06],[133.02,34.05],[133.03,34.04],[133.05,34.02],[133.06,34.0],[133.06,33.97],[133.07,33.97],[133.09,33.95],[133.1,33.94],[133.12,33.94],[133.11,33.93],[133.12,33.94],[133.13,33.93],[133.14,33.93],[133.17,33.93],[133.18,33.93],[133.2,33.94],[133.2,33.95],[133.24,33.96],[133.25,33.95],[133.24,33.96],[133.25,33.96],[133.26,33.96],[133.25,33.98],[133.26,33.98],[133.26,33.97],[133.27,33.97],[133.28,33.97],[133.28,33.98],[133.28,33.99],[133.29,33.98],[133.32,33.99],[133.33,33.99],[133.33,33.98],[133.34,33.98],[133.34,33.99],[133.35,33.99],[133.35,33.98],[133.39,33.99],[133.41,33.99],[133.43,33.99],[133.44,33.98],[133.45,33.98],[133.47,33.97],[133.49,33.97],[133.5,33.97],[133.51,33.97],[133.52,33.98],[133.53,33.98],[133.54,33.98],[133.54,33.99],[133.55,33.99],[133.55,34.0],[133.56,34.01],[133.57,34.02],[133.59,34.03],[133.61,34.04],[133.62,34.03],[133.63,34.04],[133.64,34.03],[133.66,34.03],[133.68,34.02],[133.68,34.0],[133.67,33.98],[133.68,33.98],[133.68,33.97],[133.69,33.96],[133.69,33.94],[133.68,33.93],[133.69,33.92],[133.68,33.91],[133.68,33.89],[133.66,33.88],[133.64,33.88],[133.61,33.88],[133.6,33.88],[133.57,33.87],[133.56,33.88],[133.54,33.88],[133.53,33.86],[133.52,33.85],[133.51,33.84],[133.5,33.83],[133.48,33.83],[133.47,33.84],[133.45,33.84],[133.45,33.83],[133.43,33.84],[133.4,33.84],[133.39,33.82],[133.36,33.83],[133.33,33.81],[133.28,33.83],[133.27,33.82],[133.26,33.79],[133.25,33.79],[133.22,33.78],[133.19,33.79],[133.18,33.77],[133.16,33.76],[133.16,33.74],[133.15,33.72],[133.14,33.7],[133.12,33.69],[133.12,33.68],[133.11,33.66],[133.08,33.65],[133.07,33.65],[133.07,33.62],[133.08,33.61],[133.07,33.6],[133.06,33.6],[133.05,33.59],[133.06,33.56],[133.06,33.54],[133.05,33.54],[133.03,33.51],[133.01,33.49],[132.99,33.48],[132.97,33.47],[132.94,33.47],[132.92,33.47],[132.89,33.47],[132.87,33.47],[132.85,33.48],[132.83,33.48],[132.82,33.47],[132.81,33.47],[132.81,33.45],[132.82,33.45],[132.82,33.42],[132.83,33.41],[132.84,33.4],[132.85,33.4],[132.86,33.38],[132.87,33.36],[132.9,33.35],[132.9,33.33],[132.9,33.32],[132.87,33.3],[132.85,33.29],[132.83,33.29],[132.81,33.28],[132.79,33.27],[132.78,33.26],[132.77,33.24],[132.77,33.23],[132.77,33.22],[132.77,33.2],[132.75,33.2],[132.74,33.19],[132.74,33.18],[132.72,33.16],[132.7,33.14],[132.68,33.14],[132.66,33.16],[132.64,33.17],[132.63,33.19],[132.62,33.17],[132.62,33.16],[132.63,33.14],[132.64,33.13],[132.65,33.11],[132.67,33.09],[132.67,33.07],[132.67,33.05],[132.68,33.02],[132.68,33.01],[132.68,32.99],[132.69,32.98],[132.69,32.97],[132.68,32.96],[132.68,32.95],[132.67,32.94],[132.66,32.94],[132.65,32.93],[132.62,32.92],[132.61,32.92],[132.6,32.91],[132.6,32.92],[132.59,32.92],[132.59,32.93],[132.59,32.94],[132.6,32.94],[132.6,32.95],[132.59,32.94],[132.58,32.94],[132.57,32.95],[132.56,32.95],[132.55,32.95],[132.55,32.94],[132.56,32.94],[132.56,32.93],[132.55,32.93],[132.54,32.94],[132.53,32.95],[132.52,32.95],[132.51,32.95],[132.5,32.94],[132.51,32.94],[132.53,32.93],[132.51,32.93],[132.5,32.92],[132.51,32.92],[132.52,32.92],[132.52,32.91],[132.52,32.9],[132.5,32.9],[132.49,32.9],[132.48,32.9],[132.48,32.91],[132.48,32.92],[132.47,32.94],[132.46,32.94],[132.47,32.94],[132.48,32.94],[132.49,32.94],[132.49,32.95],[132.5,32.96],[132.48,32.96],[132.47,32.97],[132.48,32.97],[132.49,32.98],[132.5,32.99],[132.5,32.98],[132.5,32.97],[132.49,32.97],[132.5,32.96],[132.51,32.97],[132.52,32.96],[132.53,32.96],[132.55,32.96],[132.54,32.97],[132.53,32.97],[132.52,32.97],[132.52,32.98],[132.51,32.98],[132.5,33.0],[132.5,33.01],[132.49,33.02],[132.48,33.01],[132.48,33.03],[132.48,33.05],[132.47,33.04],[132.47,33.05],[132.46,33.05],[132.45,33.04],[132.44,33.04],[132.44,33.05],[132.43,33.05],[132.42,33.06],[132.41,33.06],[132.41,33.04],[132.41,33.03],[132.4,33.03],[132.4,33.02],[132.39,33.02],[132.38,33.03],[132.4,33.03],[132.4,33.04],[132.4,33.05],[132.4,33.06],[132.41,33.07],[132.41,33.06],[132.42,33.06],[132.43,33.06],[132.43,33.05],[132.44,33.06],[132.45,33.06],[132.46,33.06],[132.47,33.06],[132.48,33.06],[132.48,33.07],[132.48,33.08],[132.47,33.08],[132.47,33.07],[132.46,33.08],[132.47,33.09],[132.46,33.09],[132.48,33.09],[132.47,33.1],[132.47,33.11],[132.46,33.12],[132.45,33.12],[132.47,33.13],[132.47,33.12],[132.48,33.12],[132.49,33.12],[132.5,33.12],[132.5,33.13],[132.49,33.14],[132.48,33.14],[132.47,33.13],[132.46,33.14],[132.45,33.13],[132.44,33.14],[132.43,33.16],[132.43,33.17],[132.44,33.17],[132.45,33.17],[132.46,33.17],[132.45,33.19],[132.44,33.19],[132.43,33.2],[132.42,33.21],[132.41,33.21],[132.42,33.21],[132.43,33.21],[132.44,33.21],[132.44,33.2],[132.45,33.2],[132.46,33.21],[132.45,33.2],[132.46,33.2],[132.46,33.19],[132.46,33.18],[132.47,33.18],[132.48,33.18],[132.49,33.17],[132.5,33.18],[132.5,33.17],[132.51,33.17],[132.51,33.18],[132.5,33.19],[132.51,33.19],[132.49,33.19],[132.49,33.2],[132.5,33.19],[132.5,33.2],[132.5,33.21],[132.51,33.21],[132.52,33.21],[132.53,33.22],[132.54,33.22],[132.54,33.21],[132.54,33.22],[132.54,33.23],[132.55,33.22],[132.56,33.22],[132.55,33.23],[132.54,33.24],[132.53,33.24],[132.52,33.25],[132.53,33.25],[132.54,33.27],[132.52,33.26],[132.51,33.26],[132.5,33.26],[132.49,33.27],[132.48,33.27],[132.47,33.26],[132.47,33.27],[132.48,33.27],[132.48,33.28],[132.48,33.29],[132.5,33.3],[132.52,33.31],[132.52,33.3],[132.53,33.31],[132.52,33.32],[132.51,33.32],[132.5,33.31],[132.5,33.32],[132.49,33.32],[132.48,33.32],[132.47,33.32],[132.47,33.31],[132.44,33.31],[132.43,33.32],[132.42,33.31],[132.41,33.31],[132.4,33.31],[132.38,33.32],[132.37,33.32],[132.37,33.33],[132.38,33.34],[132.39,33.34],[132.39,33.35],[132.4,33.35],[132.41,33.34],[132.42,33.36],[132.41,33.37],[132.42,33.38],[132.41,33.38],[132.4,33.37],[132.38,33.36],[132.39,33.37],[132.38,33.38],[132.39,33.39],[132.39,33.4],[132.39,33.41],[132.39,33.42],[132.4,33.43],[132.41,33.44],[132.4,33.44],[132.38,33.44],[132.39,33.44],[132.4,33.45],[132.41,33.45],[132.42,33.46],[132.4,33.46],[132.39,33.47],[132.4,33.47],[132.4,33.48],[132.39,33.47],[132.38,33.47],[132.37,33.46],[132.37,33.47],[132.35,33.48],[132.34,33.48],[132.35,33.47],[132.33,33.47],[132.32,33.47],[132.31,33.46],[132.31,33.47],[132.29,33.46],[132.28,33.46],[132.28,33.45],[132.26,33.44],[132.24,33.43],[132.22,33.42],[132.2,33.42],[132.17,33.4],[132.15,33.38],[132.12,33.37],[132.1,33.37],[132.11,33.37],[132.12,33.37],[132.11,33.38],[132.12,33.39],[132.09,33.38],[132.08,33.38],[132.07,33.37],[132.06,33.37],[132.05,33.37],[132.05,33.36],[132.03,33.34],[132.02,33.34],[132.01,33.34],[132.02,33.35],[132.04,33.36],[132.05,33.38],[132.08,33.39],[132.09,33.4],[132.11,33.41],[132.12,33.42],[132.13,33.42],[132.13,33.41],[132.13,33.4],[132.14,33.42],[132.15,33.42],[132.15,33.41],[132.16,33.41],[132.17,33.42],[132.15,33.44],[132.16,33.43],[132.18,33.43],[132.17,33.45],[132.18,33.45],[132.2,33.45],[132.21,33.45],[132.22,33.44],[132.23,33.46],[132.24,33.46],[132.25,33.46],[132.26,33.45],[132.26,33.46],[132.26,33.47],[132.27,33.48],[132.28,33.48],[132.29,33.48],[132.31,33.49],[132.32,33.5],[132.33,33.5],[132.34,33.5],[132.36,33.52],[132.37,33.52],[132.38,33.53],[132.39,33.53],[132.4,33.54],[132.42,33.54],[132.43,33.56],[132.43,33.57],[132.44,33.57],[132.46,33.59],[132.47,33.6],[132.48,33.61],[132.48,33.62],[132.5,33.62],[132.51,33.63],[132.53,33.64]]]]}},{"type":"Feature","properties":{"nam_ja":"奈良県","id":29},"geometry":{"type":"MultiPolygon","coordinates":[[[[135.71,34.78],[135.73,34.78],[135.74,34.75],[135.76,34.74],[135.76,34.73],[135.77,34.72],[135.79,34.72],[135.8,34.72],[135.81,34.71],[135.82,34.71],[135.83,34.71],[135.85,34.71],[135.86,34.71],[135.87,34.71],[135.88,34.71],[135.9,34.72],[135.9,34.74],[135.92,34.75],[135.93,34.76],[135.93,34.75],[135.93,34.74],[135.94,34.74],[135.96,34.74],[135.97,34.74],[135.98,34.74],[135.99,34.72],[136.0,34.71],[136.01,34.71],[136.02,34.71],[136.03,34.72],[136.04,34.74],[136.06,34.73],[136.07,34.72],[136.06,34.71],[136.06,34.7],[136.07,34.7],[136.08,34.68],[136.08,34.67],[136.07,34.66],[136.04,34.66],[136.06,34.65],[136.07,34.64],[136.07,34.63],[136.06,34.62],[136.05,34.6],[136.05,34.59],[136.05,34.58],[136.06,34.57],[136.08,34.56],[136.09,34.56],[136.1,34.56],[136.11,34.56],[136.11,34.55],[136.12,34.55],[136.14,34.56],[136.15,34.56],[136.16,34.55],[136.17,34.53],[136.18,34.52],[136.21,34.53],[136.22,34.51],[136.22,34.5],[136.23,34.49],[136.21,34.47],[136.21,34.45],[136.17,34.45],[136.15,34.44],[136.13,34.44],[136.12,34.44],[136.11,34.44],[136.1,34.44],[136.09,34.43],[136.09,34.41],[136.08,34.4],[136.07,34.39],[136.09,34.37],[136.1,34.36],[136.1,34.34],[136.12,34.33],[136.13,34.32],[136.11,34.31],[136.09,34.3],[136.11,34.28],[136.12,34.26],[136.13,34.26],[136.13,34.25],[136.12,34.23],[136.11,34.22],[136.12,34.21],[136.11,34.21],[136.1,34.2],[136.1,34.19],[136.1,34.17],[136.11,34.16],[136.11,34.15],[136.1,34.14],[136.1,34.12],[136.1,34.11],[136.11,34.1],[136.11,34.09],[136.1,34.09],[136.09,34.08],[136.09,34.06],[136.1,34.04],[136.1,34.03],[136.09,34.03],[136.08,34.03],[136.07,34.03],[136.06,34.03],[136.04,34.04],[136.03,34.03],[136.01,34.02],[136.0,34.01],[135.99,34.0],[135.98,33.99],[135.96,33.98],[135.94,33.98],[135.92,33.97],[135.91,33.96],[135.9,33.95],[135.89,33.94],[135.9,33.92],[135.91,33.92],[135.9,33.92],[135.89,33.91],[135.88,33.91],[135.87,33.92],[135.86,33.9],[135.86,33.89],[135.87,33.88],[135.88,33.87],[135.87,33.86],[135.86,33.87],[135.85,33.88],[135.85,33.89],[135.84,33.9],[135.81,33.91],[135.79,33.89],[135.77,33.89],[135.75,33.89],[135.74,33.89],[135.72,33.9],[135.69,33.9],[135.67,33.9],[135.66,33.89],[135.65,33.88],[135.63,33.87],[135.62,33.87],[135.62,33.88],[135.62,33.9],[135.6,33.9],[135.61,33.92],[135.61,33.94],[135.62,33.95],[135.64,33.95],[135.64,33.97],[135.63,33.99],[135.62,34.0],[135.61,34.01],[135.59,34.02],[135.6,34.03],[135.59,34.05],[135.57,34.06],[135.55,34.07],[135.54,34.08],[135.55,34.09],[135.55,34.1],[135.57,34.11],[135.59,34.14],[135.59,34.15],[135.62,34.16],[135.62,34.17],[135.64,34.18],[135.64,34.19],[135.64,34.21],[135.65,34.22],[135.67,34.22],[135.68,34.22],[135.69,34.22],[135.71,34.21],[135.73,34.23],[135.72,34.26],[135.71,34.27],[135.69,34.28],[135.68,34.27],[135.67,34.28],[135.67,34.3],[135.67,34.31],[135.67,34.33],[135.66,34.34],[135.66,34.36],[135.65,34.38],[135.68,34.4],[135.68,34.41],[135.67,34.42],[135.67,34.43],[135.69,34.45],[135.68,34.47],[135.68,34.49],[135.67,34.5],[135.68,34.51],[135.67,34.53],[135.66,34.54],[135.65,34.54],[135.66,34.55],[135.66,34.56],[135.67,34.58],[135.68,34.58],[135.68,34.59],[135.67,34.6],[135.65,34.61],[135.66,34.61],[135.66,34.64],[135.67,34.65],[135.67,34.67],[135.67,34.69],[135.68,34.71],[135.7,34.72],[135.7,34.75],[135.71,34.75],[135.71,34.77],[135.71,34.78]]]]}},{"type":"Feature","properties":{"nam_ja":"島根県","id":32},"geometry":{"type":"MultiPolygon","coordinates":[[[[133.25,36.16],[133.25,36.17],[133.24,36.18],[133.25,36.17],[133.24,36.17],[133.23,36.17],[133.24,36.18],[133.24,36.19],[133.22,36.19],[133.21,36.2],[133.2,36.21],[133.18,36.21],[133.18,36.22],[133.19,36.24],[133.18,36.25],[133.18,36.27],[133.18,36.29],[133.19,36.29],[133.2,36.28],[133.2,36.29],[133.19,36.29],[133.2,36.3],[133.21,36.3],[133.21,36.31],[133.22,36.31],[133.22,36.33],[133.25,36.33],[133.26,36.33],[133.27,36.34],[133.28,36.35],[133.29,36.34],[133.3,36.33],[133.31,36.33],[133.31,36.32],[133.32,36.32],[133.33,36.32],[133.33,36.31],[133.34,36.31],[133.34,36.3],[133.36,36.3],[133.36,36.29],[133.36,36.28],[133.37,36.28],[133.38,36.27],[133.38,36.26],[133.37,36.25],[133.37,36.24],[133.38,36.23],[133.37,36.22],[133.36,36.2],[133.35,36.2],[133.34,36.2],[133.35,36.21],[133.34,36.22],[133.35,36.22],[133.34,36.22],[133.34,36.21],[133.33,36.21],[133.33,36.2],[133.31,36.2],[133.32,36.2],[133.33,36.2],[133.33,36.19],[133.34,36.17],[133.32,36.17],[133.31,36.17],[133.3,36.17],[133.3,36.18],[133.29,36.18],[133.29,36.17],[133.28,36.18],[133.28,36.19],[133.28,36.18],[133.28,36.17],[133.27,36.17],[133.26,36.17],[133.25,36.16]]],[[[133.24,35.55],[133.22,35.55],[133.2,35.53],[133.23,35.48],[133.3,35.44],[133.32,35.41],[133.31,35.39],[133.32,35.37],[133.29,35.35],[133.3,35.33],[133.3,35.31],[133.3,35.29],[133.31,35.27],[133.3,35.26],[133.29,35.26],[133.27,35.26],[133.25,35.26],[133.24,35.25],[133.23,35.25],[133.21,35.24],[133.19,35.24],[133.17,35.23],[133.16,35.22],[133.15,35.22],[133.15,35.21],[133.16,35.21],[133.17,35.21],[133.18,35.19],[133.19,35.18],[133.19,35.16],[133.17,35.15],[133.15,35.14],[133.14,35.12],[133.14,35.1],[133.14,35.08],[133.13,35.08],[133.12,35.08],[133.11,35.08],[133.09,35.08],[133.07,35.08],[133.05,35.07],[133.03,35.07],[133.02,35.08],[133.01,35.09],[133.0,35.1],[132.99,35.1],[132.98,35.09],[132.96,35.08],[132.93,35.08],[132.92,35.08],[132.91,35.09],[132.89,35.1],[132.87,35.1],[132.86,35.09],[132.85,35.08],[132.84,35.07],[132.84,35.05],[132.83,35.05],[132.81,35.03],[132.79,35.02],[132.78,35.0],[132.77,35.0],[132.77,34.99],[132.76,34.98],[132.75,34.98],[132.75,34.97],[132.75,34.96],[132.74,34.96],[132.73,34.96],[132.72,34.95],[132.7,34.95],[132.68,34.95],[132.67,34.93],[132.66,34.92],[132.64,34.91],[132.63,34.9],[132.65,34.9],[132.67,34.89],[132.68,34.88],[132.71,34.86],[132.7,34.84],[132.68,34.85],[132.67,34.84],[132.66,34.83],[132.65,34.84],[132.64,34.84],[132.62,34.84],[132.61,34.84],[132.61,34.83],[132.6,34.83],[132.59,34.82],[132.57,34.81],[132.55,34.81],[132.54,34.79],[132.51,34.8],[132.5,34.8],[132.49,34.8],[132.47,34.8],[132.46,34.8],[132.45,34.8],[132.45,34.81],[132.43,34.81],[132.42,34.8],[132.41,34.79],[132.39,34.78],[132.38,34.79],[132.36,34.8],[132.35,34.79],[132.32,34.8],[132.31,34.8],[132.3,34.78],[132.29,34.78],[132.27,34.79],[132.27,34.8],[132.26,34.8],[132.25,34.81],[132.24,34.8],[132.24,34.78],[132.23,34.77],[132.22,34.76],[132.22,34.75],[132.2,34.74],[132.19,34.73],[132.18,34.73],[132.15,34.72],[132.14,34.71],[132.13,34.71],[132.13,34.7],[132.14,34.69],[132.16,34.69],[132.16,34.68],[132.15,34.67],[132.14,34.65],[132.13,34.65],[132.13,34.63],[132.12,34.61],[132.13,34.6],[132.13,34.58],[132.12,34.57],[132.11,34.56],[132.09,34.55],[132.07,34.54],[132.06,34.53],[132.05,34.52],[132.04,34.5],[132.05,34.5],[132.06,34.49],[132.06,34.48],[132.05,34.47],[132.04,34.47],[132.03,34.46],[132.02,34.45],[132.01,34.43],[131.99,34.42],[132.0,34.41],[132.01,34.39],[132.01,34.37],[132.0,34.37],[131.99,34.35],[131.97,34.34],[131.97,34.32],[131.96,34.31],[131.94,34.32],[131.93,34.33],[131.92,34.34],[131.9,34.32],[131.88,34.32],[131.88,34.31],[131.87,34.31],[131.84,34.31],[131.82,34.3],[131.81,34.31],[131.8,34.32],[131.79,34.33],[131.78,34.33],[131.78,34.34],[131.77,34.36],[131.76,34.38],[131.77,34.39],[131.78,34.4],[131.79,34.42],[131.79,34.44],[131.77,34.44],[131.76,34.44],[131.74,34.43],[131.72,34.43],[131.71,34.43],[131.69,34.44],[131.7,34.45],[131.7,34.47],[131.69,34.48],[131.68,34.49],[131.67,34.5],[131.67,34.51],[131.69,34.52],[131.7,34.53],[131.7,34.54],[131.7,34.56],[131.71,34.56],[131.72,34.57],[131.73,34.58],[131.72,34.59],[131.72,34.6],[131.71,34.61],[131.69,34.62],[131.7,34.64],[131.69,34.65],[131.69,34.66],[131.69,34.67],[131.69,34.68],[131.7,34.67],[131.71,34.67],[131.72,34.68],[131.73,34.67],[131.75,34.68],[131.8,34.69],[131.82,34.7],[131.85,34.72],[131.86,34.72],[131.87,34.74],[131.86,34.75],[131.87,34.76],[131.88,34.76],[131.89,34.76],[131.89,34.77],[131.9,34.77],[131.91,34.77],[131.92,34.78],[131.92,34.79],[131.93,34.79],[131.94,34.79],[131.95,34.8],[131.95,34.81],[131.95,34.82],[131.96,34.82],[131.97,34.82],[131.98,34.82],[131.99,34.83],[131.99,34.84],[132.0,34.84],[132.01,34.86],[132.01,34.87],[132.02,34.87],[132.02,34.86],[132.02,34.87],[132.03,34.88],[132.04,34.88],[132.04,34.87],[132.05,34.87],[132.05,34.88],[132.06,34.89],[132.06,34.9],[132.07,34.89],[132.06,34.9],[132.07,34.91],[132.07,34.9],[132.08,34.91],[132.07,34.91],[132.08,34.92],[132.08,34.93],[132.09,34.93],[132.1,34.93],[132.11,34.95],[132.15,34.97],[132.15,34.98],[132.19,35],[132.2,35.01],[132.24,35.03],[132.25,35.04],[132.27,35.04],[132.29,35.05],[132.31,35.06],[132.32,35.07],[132.32,35.08],[132.32,35.09],[132.33,35.09],[132.34,35.1],[132.34,35.09],[132.34,35.1],[132.35,35.1],[132.35,35.11],[132.36,35.11],[132.36,35.12],[132.37,35.12],[132.38,35.13],[132.39,35.14],[132.38,35.15],[132.39,35.15],[132.4,35.16],[132.4,35.17],[132.41,35.17],[132.42,35.18],[132.41,35.18],[132.42,35.18],[132.42,35.19],[132.44,35.19],[132.45,35.2],[132.47,35.21],[132.48,35.22],[132.49,35.23],[132.5,35.23],[132.52,35.24],[132.53,35.24],[132.53,35.25],[132.55,35.26],[132.56,35.26],[132.57,35.27],[132.58,35.28],[132.61,35.28],[132.65,35.31],[132.67,35.35],[132.67,35.38],[132.66,35.4],[132.67,35.4],[132.66,35.41],[132.64,35.42],[132.63,35.42],[132.62,35.42],[132.63,35.43],[132.64,35.43],[132.65,35.43],[132.64,35.44],[132.65,35.44],[132.66,35.44],[132.67,35.44],[132.67,35.45],[132.68,35.44],[132.69,35.44],[132.68,35.45],[132.69,35.45],[132.7,35.45],[132.71,35.44],[132.72,35.45],[132.75,35.45],[132.76,35.45],[132.76,35.46],[132.73,35.47],[132.74,35.47],[132.75,35.47],[132.77,35.48],[132.78,35.48],[132.79,35.48],[132.8,35.49],[132.82,35.5],[132.83,35.5],[132.84,35.5],[132.85,35.51],[132.86,35.51],[132.87,35.51],[132.89,35.51],[132.91,35.51],[132.92,35.52],[132.94,35.52],[132.95,35.52],[132.97,35.52],[132.97,35.53],[132.97,35.54],[132.98,35.54],[132.98,35.55],[132.99,35.54],[133.0,35.54],[133.01,35.54],[133.02,35.54],[133.03,35.54],[133.03,35.55],[133.03,35.56],[133.04,35.55],[133.05,35.56],[133.06,35.56],[133.05,35.57],[133.05,35.58],[133.06,35.58],[133.07,35.58],[133.08,35.58],[133.09,35.58],[133.09,35.59],[133.1,35.59],[133.09,35.6],[133.1,35.6],[133.11,35.59],[133.12,35.59],[133.12,35.58],[133.13,35.58],[133.14,35.58],[133.13,35.58],[133.14,35.57],[133.14,35.56],[133.15,35.56],[133.16,35.57],[133.16,35.56],[133.17,35.57],[133.18,35.57],[133.18,35.56],[133.19,35.56],[133.19,35.57],[133.19,35.58],[133.2,35.58],[133.2,35.57],[133.21,35.57],[133.22,35.57],[133.22,35.58],[133.23,35.58],[133.22,35.57],[133.24,35.57],[133.25,35.57],[133.26,35.57],[133.27,35.58],[133.28,35.57],[133.28,35.58],[133.29,35.57],[133.29,35.58],[133.3,35.57],[133.32,35.57],[133.33,35.57],[133.31,35.56],[133.29,35.56],[133.28,35.56],[133.25,35.55],[133.24,35.55]]]]}},{"type":"Feature","properties":{"nam_ja":"岩手県","id":3},"geometry":{"type":"MultiPolygon","coordinates":[[[[141.58,40.37],[141.58,40.39],[141.58,40.4],[141.59,40.41],[141.61,40.42],[141.64,40.43],[141.66,40.43],[141.67,40.45],[141.69,40.44],[141.7,40.43],[141.72,40.41],[141.73,40.4],[141.74,40.39],[141.75,40.37],[141.76,40.35],[141.77,40.35],[141.77,40.32],[141.78,40.32],[141.79,40.3],[141.8,40.29],[141.81,40.28],[141.82,40.27],[141.82,40.26],[141.82,40.25],[141.83,40.24],[141.83,40.22],[141.82,40.22],[141.81,40.22],[141.8,40.2],[141.81,40.19],[141.8,40.19],[141.8,40.2],[141.8,40.19],[141.81,40.18],[141.82,40.18],[141.83,40.18],[141.85,40.17],[141.86,40.16],[141.87,40.15],[141.87,40.14],[141.85,40.14],[141.84,40.12],[141.83,40.1],[141.83,40.08],[141.85,40.06],[141.86,40.05],[141.87,40.05],[141.88,40.05],[141.89,40.04],[141.9,40.02],[141.91,40.01],[141.92,40.01],[141.93,40.01],[141.94,40.0],[141.95,39.99],[141.96,39.98],[141.96,39.97],[141.96,39.96],[141.96,39.95],[141.96,39.94],[141.94,39.94],[141.94,39.93],[141.94,39.92],[141.95,39.91],[141.96,39.89],[141.97,39.88],[141.98,39.87],[141.98,39.86],[141.98,39.85],[141.97,39.85],[141.98,39.84],[141.98,39.83],[141.99,39.83],[141.99,39.82],[141.98,39.81],[141.99,39.8],[141.98,39.79],[141.99,39.79],[142.0,39.78],[141.99,39.77],[142.0,39.75],[141.99,39.74],[141.98,39.73],[141.99,39.72],[141.99,39.71],[141.98,39.71],[141.97,39.7],[141.97,39.69],[141.98,39.69],[141.99,39.69],[141.98,39.67],[141.97,39.66],[141.98,39.65],[141.98,39.64],[141.97,39.64],[141.96,39.64],[141.97,39.63],[141.97,39.62],[141.96,39.62],[141.96,39.6],[141.95,39.6],[141.95,39.59],[141.96,39.59],[141.98,39.61],[142.0,39.63],[142.01,39.64],[142.02,39.66],[142.03,39.66],[142.03,39.65],[142.03,39.64],[142.02,39.64],[142.03,39.63],[142.02,39.62],[142.03,39.61],[142.03,39.6],[142.03,39.59],[142.03,39.58],[142.03,39.57],[142.04,39.58],[142.04,39.57],[142.05,39.57],[142.06,39.57],[142.07,39.56],[142.07,39.55],[142.07,39.54],[142.06,39.53],[142.05,39.53],[142.06,39.53],[142.05,39.52],[142.03,39.53],[142.03,39.51],[142.02,39.5],[142.01,39.5],[142.01,39.49],[142.01,39.48],[141.99,39.48],[141.98,39.48],[141.97,39.48],[141.96,39.47],[141.96,39.46],[141.97,39.45],[141.99,39.45],[142.0,39.45],[142.03,39.48],[142.04,39.48],[142.05,39.48],[142.06,39.47],[142.05,39.45],[142.04,39.45],[142.04,39.44],[142.04,39.43],[142.04,39.42],[142.03,39.42],[142.02,39.42],[142.01,39.43],[142.01,39.42],[142.01,39.41],[141.99,39.41],[141.99,39.42],[141.98,39.42],[141.97,39.42],[141.96,39.41],[141.95,39.4],[141.94,39.39],[141.94,39.38],[141.95,39.37],[141.96,39.38],[141.96,39.37],[141.96,39.36],[141.94,39.35],[141.92,39.36],[141.91,39.35],[141.91,39.34],[141.9,39.33],[141.91,39.32],[141.92,39.33],[141.94,39.33],[141.95,39.34],[141.96,39.34],[141.97,39.34],[141.98,39.34],[141.99,39.35],[142.0,39.35],[141.99,39.34],[141.98,39.33],[141.98,39.32],[141.96,39.32],[141.95,39.31],[141.94,39.31],[141.92,39.31],[141.92,39.3],[141.91,39.31],[141.9,39.31],[141.89,39.31],[141.89,39.3],[141.9,39.3],[141.91,39.29],[141.92,39.29],[141.92,39.28],[141.93,39.27],[141.92,39.27],[141.9,39.27],[141.89,39.27],[141.9,39.26],[141.9,39.25],[141.89,39.25],[141.91,39.25],[141.92,39.24],[141.93,39.24],[141.94,39.25],[141.95,39.25],[141.96,39.25],[141.97,39.25],[141.96,39.25],[141.95,39.24],[141.94,39.24],[141.95,39.24],[141.96,39.22],[141.95,39.22],[141.93,39.22],[141.92,39.22],[141.9,39.21],[141.89,39.21],[141.89,39.2],[141.87,39.21],[141.87,39.2],[141.87,39.19],[141.88,39.19],[141.89,39.19],[141.89,39.18],[141.91,39.19],[141.92,39.18],[141.92,39.17],[141.9,39.16],[141.89,39.16],[141.87,39.15],[141.86,39.16],[141.84,39.15],[141.85,39.14],[141.87,39.13],[141.87,39.12],[141.88,39.12],[141.89,39.12],[141.9,39.12],[141.91,39.11],[141.92,39.11],[141.91,39.1],[141.89,39.1],[141.89,39.09],[141.88,39.08],[141.88,39.09],[141.86,39.1],[141.85,39.1],[141.82,39.11],[141.81,39.11],[141.81,39.1],[141.81,39.09],[141.82,39.09],[141.82,39.08],[141.83,39.07],[141.84,39.08],[141.85,39.07],[141.86,39.07],[141.87,39.07],[141.87,39.06],[141.86,39.06],[141.85,39.06],[141.83,39.06],[141.81,39.06],[141.83,39.04],[141.84,39.04],[141.85,39.04],[141.85,39.03],[141.83,39.03],[141.82,39.02],[141.8,39.03],[141.8,39.04],[141.79,39.03],[141.78,39.03],[141.77,39.03],[141.76,39.02],[141.75,39.02],[141.74,39.02],[141.73,39.02],[141.73,39.03],[141.74,39.03],[141.73,39.03],[141.74,39.04],[141.73,39.04],[141.74,39.05],[141.74,39.06],[141.73,39.07],[141.73,39.06],[141.72,39.06],[141.71,39.02],[141.72,39.02],[141.73,39.01],[141.74,39.0],[141.74,38.99],[141.73,38.99],[141.72,39.0],[141.71,39.0],[141.72,38.99],[141.71,38.98],[141.7,38.97],[141.71,38.97],[141.72,38.97],[141.72,38.96],[141.73,38.95],[141.72,38.95],[141.71,38.95],[141.72,38.95],[141.71,38.94],[141.7,38.94],[141.69,38.95],[141.69,38.96],[141.68,38.97],[141.67,38.97],[141.67,38.98],[141.67,38.99],[141.68,38.99],[141.67,39.01],[141.66,39.0],[141.63,39.0],[141.62,38.99],[141.63,38.99],[141.63,38.97],[141.62,38.97],[141.58,38.99],[141.56,38.99],[141.54,39.0],[141.52,39.0],[141.51,39.0],[141.49,38.99],[141.49,38.97],[141.49,38.95],[141.49,38.92],[141.47,38.89],[141.45,38.88],[141.47,38.86],[141.45,38.84],[141.46,38.81],[141.44,38.81],[141.43,38.81],[141.43,38.79],[141.44,38.78],[141.42,38.78],[141.42,38.77],[141.41,38.78],[141.41,38.79],[141.39,38.8],[141.38,38.8],[141.36,38.81],[141.35,38.81],[141.34,38.81],[141.32,38.82],[141.31,38.81],[141.3,38.8],[141.29,38.8],[141.27,38.8],[141.26,38.79],[141.26,38.77],[141.25,38.76],[141.24,38.76],[141.23,38.75],[141.21,38.75],[141.2,38.78],[141.18,38.78],[141.17,38.78],[141.16,38.78],[141.14,38.79],[141.14,38.81],[141.12,38.82],[141.12,38.83],[141.11,38.83],[141.1,38.83],[141.11,38.84],[141.12,38.84],[141.13,38.84],[141.15,38.86],[141.13,38.88],[141.11,38.88],[141.1,38.88],[141.09,38.89],[141.07,38.88],[141.05,38.88],[141.03,38.88],[141.02,38.88],[141.01,38.88],[141.0,38.88],[140.99,38.88],[140.98,38.89],[140.97,38.89],[140.96,38.9],[140.95,38.91],[140.94,38.92],[140.93,38.92],[140.92,38.92],[140.91,38.93],[140.89,38.93],[140.87,38.94],[140.84,38.95],[140.81,38.96],[140.78,38.96],[140.77,38.96],[140.77,38.97],[140.76,38.99],[140.76,39.0],[140.78,39.01],[140.79,39.02],[140.8,39.04],[140.8,39.05],[140.8,39.06],[140.8,39.07],[140.79,39.08],[140.77,39.08],[140.76,39.08],[140.75,39.09],[140.76,39.11],[140.76,39.12],[140.76,39.13],[140.75,39.14],[140.77,39.15],[140.78,39.17],[140.79,39.17],[140.81,39.18],[140.79,39.19],[140.77,39.19],[140.77,39.21],[140.77,39.22],[140.79,39.23],[140.78,39.24],[140.77,39.25],[140.75,39.26],[140.74,39.27],[140.72,39.28],[140.71,39.3],[140.69,39.3],[140.69,39.31],[140.7,39.33],[140.71,39.34],[140.69,39.35],[140.69,39.36],[140.68,39.37],[140.67,39.38],[140.65,39.39],[140.66,39.41],[140.68,39.42],[140.68,39.45],[140.7,39.47],[140.72,39.48],[140.71,39.5],[140.72,39.5],[140.72,39.51],[140.74,39.52],[140.74,39.53],[140.73,39.56],[140.75,39.57],[140.76,39.59],[140.77,39.59],[140.78,39.6],[140.8,39.61],[140.81,39.63],[140.82,39.65],[140.82,39.67],[140.82,39.69],[140.81,39.71],[140.79,39.72],[140.78,39.73],[140.78,39.74],[140.81,39.75],[140.82,39.77],[140.83,39.78],[140.85,39.8],[140.83,39.81],[140.82,39.82],[140.8,39.82],[140.79,39.83],[140.79,39.84],[140.79,39.86],[140.78,39.87],[140.8,39.88],[140.82,39.88],[140.83,39.88],[140.84,39.87],[140.86,39.87],[140.88,39.87],[140.87,39.9],[140.87,39.91],[140.86,39.93],[140.86,39.94],[140.85,39.96],[140.85,39.99],[140.85,40.01],[140.86,40.02],[140.85,40.04],[140.85,40.06],[140.85,40.08],[140.86,40.09],[140.87,40.09],[140.88,40.1],[140.87,40.12],[140.87,40.13],[140.87,40.14],[140.88,40.16],[140.87,40.16],[140.86,40.17],[140.89,40.19],[140.9,40.21],[140.91,40.22],[140.92,40.22],[140.94,40.23],[140.96,40.25],[140.97,40.23],[140.98,40.23],[140.99,40.22],[141.01,40.22],[141.02,40.22],[141.04,40.24],[141.07,40.25],[141.08,40.25],[141.1,40.26],[141.11,40.26],[141.12,40.29],[141.15,40.3],[141.17,40.31],[141.2,40.31],[141.22,40.32],[141.23,40.33],[141.25,40.34],[141.26,40.35],[141.29,40.35],[141.29,40.36],[141.32,40.37],[141.33,40.37],[141.34,40.36],[141.34,40.34],[141.35,40.34],[141.36,40.33],[141.37,40.34],[141.38,40.34],[141.39,40.36],[141.41,40.36],[141.43,40.36],[141.44,40.37],[141.46,40.37],[141.47,40.38],[141.49,40.37],[141.5,40.36],[141.52,40.35],[141.54,40.35],[141.55,40.36],[141.57,40.37],[141.58,40.37]]]]}},{"type":"Feature","properties":{"nam_ja":"鳥取県","id":31},"geometry":{"type":"MultiPolygon","coordinates":[[[[134.37,35.61],[134.38,35.6],[134.39,35.6],[134.41,35.59],[134.41,35.57],[134.42,35.56],[134.42,35.54],[134.42,35.53],[134.41,35.52],[134.42,35.51],[134.43,35.5],[134.43,35.47],[134.44,35.44],[134.45,35.44],[134.47,35.43],[134.48,35.43],[134.48,35.41],[134.47,35.39],[134.48,35.37],[134.49,35.37],[134.51,35.36],[134.51,35.35],[134.51,35.34],[134.5,35.32],[134.51,35.3],[134.51,35.28],[134.49,35.26],[134.48,35.25],[134.46,35.24],[134.45,35.24],[134.43,35.23],[134.41,35.24],[134.39,35.25],[134.37,35.25],[134.37,35.23],[134.34,35.22],[134.32,35.2],[134.3,35.2],[134.28,35.2],[134.27,35.21],[134.25,35.2],[134.24,35.2],[134.23,35.19],[134.21,35.19],[134.19,35.19],[134.18,35.17],[134.17,35.18],[134.16,35.19],[134.16,35.21],[134.16,35.23],[134.14,35.23],[134.14,35.25],[134.15,35.26],[134.14,35.27],[134.13,35.28],[134.11,35.28],[134.1,35.29],[134.1,35.31],[134.09,35.31],[134.07,35.3],[134.05,35.3],[134.04,35.3],[134.02,35.31],[134.0,35.32],[134.01,35.33],[134.01,35.34],[134.01,35.35],[133.99,35.35],[133.96,35.35],[133.95,35.34],[133.94,35.33],[133.93,35.32],[133.92,35.31],[133.91,35.31],[133.89,35.3],[133.88,35.29],[133.86,35.29],[133.86,35.28],[133.86,35.27],[133.84,35.25],[133.83,35.25],[133.82,35.26],[133.81,35.27],[133.8,35.29],[133.79,35.29],[133.78,35.3],[133.76,35.31],[133.75,35.31],[133.74,35.32],[133.73,35.32],[133.72,35.32],[133.71,35.32],[133.69,35.32],[133.67,35.32],[133.64,35.34],[133.62,35.34],[133.61,35.34],[133.6,35.35],[133.59,35.33],[133.59,35.32],[133.58,35.3],[133.57,35.29],[133.57,35.27],[133.57,35.26],[133.55,35.24],[133.54,35.24],[133.52,35.24],[133.51,35.23],[133.52,35.21],[133.52,35.19],[133.53,35.18],[133.52,35.19],[133.5,35.19],[133.48,35.18],[133.47,35.18],[133.46,35.18],[133.45,35.17],[133.42,35.18],[133.41,35.18],[133.4,35.18],[133.39,35.17],[133.4,35.16],[133.41,35.14],[133.41,35.12],[133.39,35.11],[133.37,35.11],[133.35,35.1],[133.33,35.1],[133.32,35.09],[133.31,35.1],[133.3,35.1],[133.29,35.09],[133.29,35.08],[133.28,35.07],[133.27,35.06],[133.25,35.08],[133.24,35.08],[133.23,35.07],[133.2,35.07],[133.18,35.07],[133.16,35.07],[133.14,35.07],[133.14,35.08],[133.14,35.1],[133.14,35.12],[133.15,35.14],[133.17,35.15],[133.19,35.16],[133.19,35.18],[133.18,35.19],[133.17,35.21],[133.16,35.21],[133.15,35.21],[133.15,35.22],[133.16,35.22],[133.17,35.23],[133.19,35.24],[133.21,35.24],[133.23,35.25],[133.24,35.25],[133.25,35.26],[133.27,35.26],[133.29,35.26],[133.3,35.26],[133.31,35.27],[133.3,35.29],[133.3,35.31],[133.3,35.33],[133.29,35.35],[133.32,35.37],[133.31,35.39],[133.32,35.41],[133.3,35.44],[133.23,35.48],[133.2,35.53],[133.22,35.55],[133.24,35.55],[133.25,35.55],[133.26,35.55],[133.25,35.54],[133.26,35.53],[133.26,35.5],[133.29,35.48],[133.34,35.46],[133.36,35.46],[133.39,35.45],[133.41,35.45],[133.43,35.47],[133.43,35.48],[133.46,35.5],[133.48,35.5],[133.5,35.52],[133.52,35.52],[133.53,35.52],[133.54,35.52],[133.55,35.52],[133.57,35.53],[133.59,35.53],[133.62,35.52],[133.64,35.52],[133.66,35.51],[133.67,35.51],[133.69,35.51],[133.72,35.5],[133.78,35.5],[133.84,35.5],[133.87,35.51],[133.88,35.51],[133.9,35.51],[133.94,35.52],[133.95,35.52],[133.96,35.52],[133.97,35.52],[133.98,35.52],[133.99,35.52],[134.0,35.53],[134.01,35.54],[134.02,35.52],[134.04,35.52],[134.08,35.53],[134.09,35.52],[134.1,35.53],[134.11,35.53],[134.14,35.53],[134.19,35.54],[134.27,35.56],[134.28,35.57],[134.29,35.57],[134.29,35.58],[134.29,35.59],[134.3,35.59],[134.31,35.59],[134.32,35.59],[134.33,35.59],[134.34,35.6],[134.34,35.61],[134.35,35.6],[134.37,35.6],[134.37,35.61]]]]}},{"type":"Feature","properties":{"nam_ja":"徳島県","id":36},"geometry":{"type":"MultiPolygon","coordinates":[[[[134.44,34.21],[134.46,34.21],[134.5,34.22],[134.52,34.23],[134.54,34.23],[134.56,34.22],[134.57,34.22],[134.57,34.23],[134.58,34.24],[134.59,34.22],[134.58,34.21],[134.59,34.2],[134.62,34.18],[134.64,34.18],[134.64,34.17],[134.61,34.14],[134.6,34.12],[134.6,34.1],[134.59,34.06],[134.6,34.06],[134.59,34.05],[134.59,34.06],[134.59,34.04],[134.59,34.03],[134.6,34.02],[134.59,34.01],[134.61,34.0],[134.61,33.99],[134.61,33.98],[134.62,33.99],[134.63,33.99],[134.62,33.99],[134.63,33.99],[134.63,34.0],[134.63,34.01],[134.65,33.99],[134.68,33.96],[134.7,33.94],[134.7,33.92],[134.7,33.91],[134.69,33.9],[134.68,33.88],[134.67,33.88],[134.67,33.89],[134.66,33.88],[134.66,33.87],[134.64,33.87],[134.63,33.86],[134.64,33.86],[134.65,33.87],[134.64,33.86],[134.65,33.85],[134.64,33.84],[134.65,33.84],[134.66,33.85],[134.67,33.85],[134.68,33.85],[134.69,33.85],[134.7,33.85],[134.71,33.85],[134.7,33.84],[134.69,33.84],[134.68,33.83],[134.69,33.83],[134.7,33.83],[134.71,33.83],[134.72,33.83],[134.73,33.84],[134.74,33.84],[134.75,33.84],[134.74,33.83],[134.72,33.82],[134.7,33.81],[134.68,33.81],[134.67,33.8],[134.64,33.79],[134.64,33.78],[134.63,33.79],[134.62,33.78],[134.61,33.78],[134.6,33.76],[134.59,33.77],[134.58,33.76],[134.57,33.77],[134.57,33.76],[134.57,33.75],[134.57,33.74],[134.57,33.73],[134.56,33.73],[134.56,33.74],[134.55,33.74],[134.54,33.74],[134.54,33.72],[134.52,33.71],[134.51,33.7],[134.5,33.7],[134.5,33.69],[134.49,33.69],[134.47,33.68],[134.45,33.67],[134.43,33.66],[134.42,33.66],[134.4,33.66],[134.39,33.65],[134.39,33.64],[134.37,33.64],[134.37,33.63],[134.36,33.63],[134.37,33.62],[134.39,33.62],[134.38,33.62],[134.37,33.61],[134.36,33.59],[134.34,33.59],[134.34,33.58],[134.36,33.58],[134.32,33.58],[134.31,33.57],[134.31,33.56],[134.32,33.56],[134.31,33.55],[134.3,33.56],[134.27,33.56],[134.26,33.55],[134.24,33.56],[134.23,33.56],[134.21,33.57],[134.19,33.57],[134.19,33.58],[134.18,33.59],[134.17,33.6],[134.17,33.61],[134.16,33.61],[134.15,33.63],[134.16,33.63],[134.18,33.64],[134.18,33.65],[134.17,33.67],[134.17,33.68],[134.14,33.69],[134.12,33.7],[134.1,33.69],[134.08,33.69],[134.06,33.69],[134.07,33.71],[134.07,33.73],[134.06,33.75],[134.06,33.76],[134.05,33.79],[134.04,33.8],[134.04,33.82],[134.01,33.82],[133.99,33.84],[133.98,33.84],[133.96,33.83],[133.95,33.81],[133.92,33.8],[133.91,33.79],[133.89,33.8],[133.87,33.81],[133.85,33.83],[133.84,33.84],[133.81,33.84],[133.8,33.84],[133.79,33.84],[133.78,33.84],[133.77,33.84],[133.75,33.84],[133.73,33.85],[133.7,33.85],[133.68,33.86],[133.67,33.87],[133.66,33.88],[133.68,33.89],[133.68,33.91],[133.69,33.92],[133.68,33.93],[133.69,33.94],[133.69,33.96],[133.68,33.97],[133.68,33.98],[133.67,33.98],[133.68,34.0],[133.68,34.01],[133.69,34.01],[133.71,34.02],[133.72,34.04],[133.73,34.04],[133.75,34.06],[133.77,34.07],[133.78,34.08],[133.79,34.08],[133.81,34.07],[133.82,34.08],[133.83,34.1],[133.85,34.1],[133.87,34.1],[133.89,34.11],[133.91,34.1],[133.94,34.12],[133.94,34.1],[133.95,34.09],[133.96,34.08],[133.97,34.07],[133.99,34.07],[134.0,34.07],[134.01,34.09],[134.02,34.08],[134.03,34.09],[134.04,34.1],[134.05,34.12],[134.07,34.11],[134.08,34.12],[134.11,34.12],[134.13,34.12],[134.14,34.14],[134.14,34.15],[134.16,34.17],[134.17,34.18],[134.18,34.17],[134.19,34.17],[134.2,34.18],[134.22,34.18],[134.23,34.18],[134.25,34.18],[134.26,34.18],[134.29,34.18],[134.3,34.17],[134.33,34.17],[134.35,34.18],[134.36,34.18],[134.38,34.17],[134.41,34.16],[134.42,34.16],[134.43,34.17],[134.43,34.18],[134.44,34.2],[134.44,34.21]]]]}},{"type":"Feature","properties":{"nam_ja":"鹿児島県","id":46},"geometry":{"type":"MultiPolygon","coordinates":[[[[130.59,32.19],[130.62,32.17],[130.62,32.16],[130.64,32.15],[130.65,32.14],[130.67,32.13],[130.68,32.12],[130.72,32.1],[130.71,32.08],[130.7,32.06],[130.74,32.04],[130.76,32.03],[130.78,32.01],[130.78,31.98],[130.8,31.96],[130.82,31.94],[130.86,31.94],[130.87,31.93],[130.88,31.92],[130.89,31.91],[130.9,31.89],[130.91,31.89],[130.89,31.88],[130.88,31.85],[130.88,31.84],[130.88,31.83],[130.88,31.81],[130.91,31.8],[130.92,31.8],[130.93,31.79],[130.97,31.78],[130.99,31.78],[130.99,31.77],[130.98,31.76],[130.99,31.75],[131.0,31.75],[131.01,31.75],[131.02,31.72],[131.02,31.71],[131.03,31.7],[131.02,31.69],[131.02,31.67],[131.03,31.67],[131.04,31.66],[131.05,31.64],[131.06,31.64],[131.08,31.66],[131.1,31.65],[131.11,31.63],[131.12,31.63],[131.14,31.63],[131.16,31.64],[131.18,31.63],[131.19,31.62],[131.19,31.6],[131.2,31.58],[131.2,31.56],[131.2,31.55],[131.2,31.51],[131.18,31.5],[131.17,31.49],[131.16,31.46],[131.15,31.47],[131.14,31.46],[131.13,31.47],[131.12,31.47],[131.11,31.47],[131.1,31.47],[131.09,31.46],[131.06,31.45],[131.02,31.39],[131.02,31.36],[131.08,31.34],[131.1,31.33],[131.11,31.32],[131.09,31.31],[131.07,31.28],[131.08,31.27],[131.09,31.28],[131.1,31.28],[131.12,31.28],[131.13,31.28],[131.12,31.27],[131.11,31.27],[131.1,31.26],[131.08,31.25],[131.08,31.24],[131.06,31.23],[131.04,31.23],[131.02,31.23],[131.01,31.21],[131.0,31.19],[130.99,31.18],[130.99,31.17],[130.97,31.16],[130.97,31.15],[130.95,31.13],[130.92,31.12],[130.92,31.11],[130.9,31.11],[130.87,31.09],[130.85,31.09],[130.83,31.09],[130.82,31.09],[130.81,31.08],[130.8,31.08],[130.79,31.08],[130.79,31.07],[130.77,31.07],[130.76,31.05],[130.75,31.06],[130.74,31.05],[130.72,31.04],[130.71,31.03],[130.72,31.03],[130.71,31.03],[130.7,31.03],[130.69,31.02],[130.68,31.02],[130.68,31.0],[130.68,31.01],[130.67,31.0],[130.66,31.0],[130.66,31.01],[130.67,31.02],[130.67,31.03],[130.68,31.04],[130.68,31.05],[130.67,31.06],[130.68,31.06],[130.67,31.07],[130.66,31.07],[130.67,31.09],[130.69,31.1],[130.72,31.11],[130.75,31.14],[130.77,31.18],[130.76,31.2],[130.76,31.22],[130.79,31.25],[130.79,31.27],[130.79,31.29],[130.79,31.3],[130.8,31.32],[130.8,31.34],[130.79,31.35],[130.79,31.36],[130.78,31.37],[130.77,31.39],[130.77,31.4],[130.76,31.41],[130.75,31.43],[130.73,31.45],[130.69,31.49],[130.69,31.5],[130.7,31.51],[130.7,31.53],[130.71,31.54],[130.69,31.55],[130.68,31.55],[130.69,31.55],[130.68,31.54],[130.68,31.55],[130.67,31.55],[130.65,31.55],[130.64,31.55],[130.63,31.55],[130.62,31.55],[130.62,31.56],[130.6,31.57],[130.6,31.58],[130.59,31.59],[130.6,31.59],[130.6,31.6],[130.63,31.62],[130.64,31.62],[130.66,31.63],[130.67,31.62],[130.68,31.62],[130.69,31.62],[130.7,31.62],[130.71,31.6],[130.71,31.59],[130.72,31.59],[130.71,31.58],[130.71,31.57],[130.72,31.57],[130.71,31.56],[130.72,31.56],[130.74,31.56],[130.75,31.56],[130.77,31.57],[130.79,31.59],[130.79,31.62],[130.82,31.64],[130.82,31.67],[130.8,31.69],[130.78,31.7],[130.77,31.71],[130.74,31.71],[130.73,31.71],[130.73,31.72],[130.72,31.72],[130.7,31.73],[130.69,31.73],[130.67,31.73],[130.64,31.72],[130.62,31.71],[130.61,31.68],[130.61,31.66],[130.59,31.62],[130.57,31.61],[130.57,31.6],[130.56,31.59],[130.57,31.59],[130.57,31.58],[130.57,31.57],[130.56,31.56],[130.55,31.55],[130.55,31.54],[130.54,31.54],[130.54,31.53],[130.53,31.52],[130.52,31.51],[130.52,31.5],[130.53,31.48],[130.52,31.49],[130.51,31.49],[130.52,31.48],[130.52,31.47],[130.51,31.46],[130.51,31.45],[130.52,31.43],[130.52,31.41],[130.54,31.4],[130.54,31.39],[130.55,31.38],[130.56,31.33],[130.59,31.3],[130.62,31.28],[130.63,31.27],[130.67,31.27],[130.65,31.24],[130.65,31.22],[130.63,31.21],[130.64,31.21],[130.64,31.2],[130.63,31.18],[130.61,31.18],[130.59,31.17],[130.6,31.16],[130.59,31.16],[130.57,31.17],[130.55,31.17],[130.54,31.17],[130.51,31.17],[130.51,31.19],[130.5,31.23],[130.46,31.25],[130.44,31.25],[130.43,31.25],[130.42,31.25],[130.41,31.25],[130.4,31.25],[130.39,31.25],[130.38,31.25],[130.37,31.25],[130.36,31.25],[130.35,31.25],[130.34,31.25],[130.34,31.26],[130.33,31.25],[130.32,31.26],[130.31,31.27],[130.3,31.27],[130.29,31.27],[130.29,31.26],[130.29,31.27],[130.28,31.25],[130.26,31.26],[130.25,31.25],[130.24,31.25],[130.23,31.26],[130.23,31.25],[130.22,31.25],[130.21,31.25],[130.21,31.26],[130.22,31.26],[130.22,31.27],[130.23,31.27],[130.21,31.27],[130.23,31.28],[130.22,31.29],[130.21,31.28],[130.2,31.28],[130.2,31.3],[130.21,31.3],[130.22,31.3],[130.22,31.31],[130.21,31.32],[130.2,31.32],[130.19,31.32],[130.18,31.32],[130.18,31.33],[130.19,31.33],[130.2,31.34],[130.21,31.35],[130.2,31.35],[130.2,31.36],[130.19,31.35],[130.19,31.37],[130.18,31.37],[130.16,31.37],[130.15,31.39],[130.14,31.41],[130.12,31.42],[130.11,31.41],[130.11,31.42],[130.12,31.42],[130.13,31.42],[130.14,31.41],[130.14,31.42],[130.16,31.44],[130.17,31.43],[130.18,31.42],[130.19,31.41],[130.19,31.42],[130.19,31.43],[130.19,31.41],[130.2,31.41],[130.22,31.4],[130.23,31.41],[130.25,31.41],[130.25,31.42],[130.28,31.44],[130.29,31.45],[130.32,31.51],[130.33,31.62],[130.31,31.66],[130.3,31.66],[130.3,31.67],[130.27,31.71],[130.26,31.71],[130.26,31.72],[130.24,31.73],[130.23,31.74],[130.21,31.76],[130.2,31.75],[130.19,31.75],[130.18,31.77],[130.18,31.78],[130.17,31.79],[130.17,31.8],[130.17,31.81],[130.19,31.83],[130.19,31.84],[130.18,31.84],[130.19,31.84],[130.19,31.85],[130.19,31.86],[130.2,31.87],[130.21,31.88],[130.22,31.89],[130.22,31.91],[130.22,31.92],[130.22,31.94],[130.2,31.97],[130.2,31.98],[130.2,31.99],[130.19,31.99],[130.18,31.99],[130.17,31.99],[130.18,32.0],[130.18,32.02],[130.19,32.02],[130.19,32.03],[130.2,32.05],[130.2,32.08],[130.19,32.08],[130.18,32.08],[130.18,32.07],[130.17,32.09],[130.17,32.1],[130.19,32.11],[130.19,32.12],[130.21,32.12],[130.24,32.13],[130.26,32.13],[130.27,32.12],[130.31,32.11],[130.33,32.12],[130.34,32.13],[130.35,32.14],[130.36,32.17],[130.38,32.15],[130.4,32.12],[130.42,32.12],[130.44,32.11],[130.46,32.12],[130.47,32.12],[130.48,32.14],[130.5,32.14],[130.51,32.14],[130.54,32.14],[130.55,32.15],[130.58,32.15],[130.6,32.18],[130.59,32.19]]],[[[129.71,31.62],[129.71,31.64],[129.7,31.63],[129.69,31.62],[129.68,31.62],[129.68,31.63],[129.67,31.64],[129.67,31.66],[129.68,31.66],[129.68,31.67],[129.69,31.69],[129.69,31.7],[129.69,31.71],[129.7,31.71],[129.7,31.72],[129.72,31.73],[129.74,31.73],[129.75,31.74],[129.75,31.73],[129.76,31.74],[129.77,31.74],[129.78,31.75],[129.77,31.75],[129.78,31.76],[129.79,31.77],[129.78,31.78],[129.78,31.79],[129.79,31.78],[129.8,31.78],[129.8,31.77],[129.8,31.76],[129.79,31.75],[129.78,31.74],[129.78,31.73],[129.76,31.71],[129.75,31.72],[129.74,31.7],[129.74,31.69],[129.72,31.67],[129.74,31.66],[129.73,31.64],[129.72,31.64],[129.72,31.63],[129.71,31.63],[129.72,31.63],[129.71,31.62]]],[[[130.95,30.64],[130.94,30.66],[130.94,30.67],[130.95,30.68],[130.96,30.69],[130.98,30.73],[130.99,30.72],[130.99,30.73],[130.99,30.74],[131.0,30.74],[131.01,30.76],[131.0,30.79],[131.03,30.81],[131.03,30.83],[131.04,30.82],[131.05,30.83],[131.06,30.84],[131.06,30.82],[131.07,30.81],[131.07,30.8],[131.08,30.78],[131.07,30.76],[131.07,30.74],[131.08,30.7],[131.07,30.69],[131.06,30.68],[131.05,30.65],[131.06,30.64],[131.06,30.62],[131.05,30.61],[131.04,30.59],[131.03,30.58],[131.03,30.57],[131.03,30.56],[131.02,30.55],[131.01,30.55],[130.99,30.53],[130.98,30.51],[130.97,30.49],[130.97,30.46],[130.96,30.46],[130.96,30.45],[130.97,30.45],[130.97,30.44],[130.98,30.44],[130.97,30.42],[130.98,30.4],[130.97,30.39],[130.96,30.37],[130.94,30.37],[130.9,30.36],[130.88,30.35],[130.87,30.35],[130.86,30.38],[130.86,30.42],[130.85,30.46],[130.86,30.47],[130.86,30.46],[130.87,30.47],[130.88,30.48],[130.89,30.49],[130.93,30.54],[130.95,30.6],[130.95,30.61],[130.95,30.64]]],[[[130.52,30.23],[130.51,30.23],[130.5,30.23],[130.49,30.23],[130.48,30.23],[130.46,30.23],[130.44,30.24],[130.43,30.25],[130.42,30.27],[130.41,30.29],[130.41,30.3],[130.4,30.32],[130.39,30.34],[130.38,30.36],[130.38,30.37],[130.38,30.38],[130.38,30.39],[130.39,30.4],[130.41,30.4],[130.43,30.41],[130.44,30.42],[130.45,30.43],[130.46,30.45],[130.46,30.46],[130.47,30.46],[130.48,30.46],[130.49,30.46],[130.49,30.45],[130.49,30.47],[130.5,30.46],[130.51,30.45],[130.52,30.45],[130.53,30.44],[130.54,30.45],[130.55,30.44],[130.56,30.44],[130.57,30.43],[130.58,30.42],[130.59,30.42],[130.6,30.42],[130.61,30.41],[130.64,30.4],[130.67,30.38],[130.67,30.35],[130.66,30.33],[130.66,30.32],[130.66,30.31],[130.65,30.29],[130.63,30.28],[130.61,30.27],[130.6,30.26],[130.6,30.25],[130.59,30.25],[130.59,30.24],[130.58,30.24],[130.57,30.24],[130.56,30.24],[130.55,30.23],[130.54,30.23],[130.53,30.23],[130.52,30.23]]],[[[129.65,28.43],[129.65,28.45],[129.65,28.46],[129.65,28.47],[129.66,28.45],[129.67,28.44],[129.67,28.46],[129.67,28.47],[129.66,28.49],[129.65,28.5],[129.66,28.5],[129.67,28.53],[129.69,28.51],[129.69,28.49],[129.7,28.48],[129.72,28.47],[129.72,28.46],[129.71,28.44],[129.71,28.42],[129.7,28.42],[129.68,28.41],[129.66,28.4],[129.65,28.4],[129.63,28.41],[129.62,28.4],[129.61,28.39],[129.6,28.38],[129.58,28.36],[129.58,28.35],[129.56,28.34],[129.56,28.33],[129.55,28.33],[129.53,28.32],[129.54,28.32],[129.54,28.31],[129.53,28.3],[129.51,28.3],[129.5,28.3],[129.49,28.29],[129.47,28.29],[129.45,28.29],[129.46,28.27],[129.45,28.26],[129.44,28.25],[129.43,28.25],[129.41,28.25],[129.43,28.24],[129.44,28.23],[129.45,28.23],[129.47,28.22],[129.47,28.21],[129.46,28.21],[129.45,28.2],[129.44,28.2],[129.43,28.19],[129.42,28.19],[129.41,28.19],[129.4,28.19],[129.41,28.18],[129.4,28.17],[129.4,28.16],[129.39,28.16],[129.38,28.16],[129.37,28.16],[129.36,28.16],[129.36,28.17],[129.34,28.17],[129.34,28.16],[129.35,28.15],[129.36,28.15],[129.37,28.13],[129.38,28.12],[129.37,28.11],[129.37,28.12],[129.36,28.13],[129.35,28.13],[129.34,28.14],[129.34,28.13],[129.33,28.13],[129.32,28.14],[129.31,28.15],[129.29,28.15],[129.29,28.16],[129.29,28.17],[129.3,28.17],[129.29,28.17],[129.29,28.18],[129.28,28.19],[129.29,28.19],[129.28,28.2],[129.27,28.19],[129.27,28.18],[129.26,28.18],[129.26,28.19],[129.27,28.21],[129.28,28.21],[129.29,28.22],[129.28,28.22],[129.26,28.21],[129.27,28.22],[129.28,28.23],[129.27,28.23],[129.26,28.23],[129.25,28.23],[129.25,28.22],[129.25,28.21],[129.26,28.2],[129.24,28.21],[129.23,28.22],[129.22,28.22],[129.21,28.22],[129.2,28.22],[129.19,28.22],[129.17,28.23],[129.17,28.24],[129.16,28.24],[129.15,28.24],[129.15,28.25],[129.14,28.25],[129.13,28.25],[129.15,28.26],[129.16,28.25],[129.17,28.26],[129.18,28.27],[129.18,28.26],[129.2,28.26],[129.21,28.25],[129.21,28.26],[129.22,28.27],[129.23,28.27],[129.24,28.27],[129.24,28.26],[129.25,28.25],[129.25,28.26],[129.26,28.26],[129.27,28.27],[129.28,28.28],[129.29,28.27],[129.29,28.28],[129.27,28.28],[129.26,28.28],[129.26,28.27],[129.25,28.28],[129.24,28.28],[129.23,28.29],[129.23,28.3],[129.22,28.3],[129.21,28.31],[129.22,28.31],[129.23,28.31],[129.25,28.31],[129.26,28.32],[129.27,28.33],[129.28,28.33],[129.29,28.33],[129.3,28.33],[129.31,28.33],[129.31,28.34],[129.31,28.35],[129.32,28.35],[129.33,28.36],[129.34,28.37],[129.35,28.36],[129.36,28.36],[129.37,28.36],[129.38,28.37],[129.39,28.37],[129.4,28.36],[129.41,28.36],[129.41,28.37],[129.39,28.38],[129.4,28.38],[129.41,28.39],[129.42,28.39],[129.43,28.38],[129.44,28.38],[129.45,28.39],[129.46,28.41],[129.47,28.4],[129.48,28.4],[129.49,28.41],[129.49,28.39],[129.49,28.38],[129.5,28.39],[129.51,28.4],[129.52,28.4],[129.51,28.41],[129.51,28.42],[129.52,28.43],[129.52,28.44],[129.53,28.45],[129.54,28.45],[129.54,28.46],[129.56,28.45],[129.56,28.46],[129.58,28.47],[129.6,28.47],[129.61,28.48],[129.62,28.48],[129.62,28.47],[129.6,28.45],[129.6,28.44],[129.59,28.42],[129.59,28.41],[129.6,28.42],[129.61,28.44],[129.62,28.43],[129.62,28.45],[129.63,28.44],[129.62,28.43],[129.63,28.41],[129.64,28.42],[129.65,28.43]]],[[[129.32,28.06],[129.32,28.07],[129.32,28.09],[129.31,28.09],[129.3,28.09],[129.29,28.09],[129.28,28.08],[129.28,28.07],[129.29,28.07],[129.27,28.07],[129.26,28.08],[129.26,28.09],[129.26,28.11],[129.25,28.11],[129.24,28.11],[129.25,28.1],[129.24,28.1],[129.23,28.09],[129.22,28.08],[129.21,28.09],[129.22,28.09],[129.22,28.1],[129.21,28.11],[129.21,28.13],[129.22,28.14],[129.2,28.14],[129.2,28.15],[129.19,28.16],[129.18,28.17],[129.18,28.19],[129.19,28.19],[129.21,28.2],[129.22,28.19],[129.23,28.19],[129.24,28.19],[129.24,28.18],[129.22,28.19],[129.21,28.18],[129.21,28.17],[129.21,28.16],[129.22,28.16],[129.23,28.15],[129.23,28.16],[129.25,28.15],[129.26,28.16],[129.25,28.17],[129.26,28.16],[129.26,28.17],[129.27,28.17],[129.27,28.16],[129.27,28.15],[129.26,28.15],[129.25,28.15],[129.24,28.14],[129.26,28.14],[129.25,28.14],[129.24,28.13],[129.25,28.13],[129.25,28.12],[129.26,28.13],[129.27,28.13],[129.27,28.14],[129.27,28.13],[129.26,28.12],[129.27,28.11],[129.28,28.11],[129.29,28.12],[129.29,28.11],[129.3,28.12],[129.31,28.11],[129.32,28.11],[129.32,28.1],[129.32,28.11],[129.33,28.11],[129.34,28.12],[129.35,28.11],[129.35,28.1],[129.34,28.08],[129.33,28.07],[129.32,28.06]]],[[[128.9,27.75],[128.91,27.76],[128.9,27.77],[128.89,27.79],[128.89,27.81],[128.89,27.82],[128.88,27.83],[128.88,27.85],[128.88,27.84],[128.89,27.84],[128.89,27.86],[128.89,27.88],[128.91,27.89],[128.93,27.89],[128.95,27.89],[128.97,27.89],[128.97,27.87],[128.96,27.87],[128.96,27.86],[128.97,27.85],[128.96,27.84],[128.97,27.83],[128.97,27.82],[128.99,27.8],[129.01,27.79],[129.03,27.77],[129.03,27.75],[129.02,27.74],[129.02,27.71],[129.0,27.7],[128.99,27.67],[128.97,27.67],[128.95,27.66],[128.92,27.67],[128.92,27.69],[128.9,27.71],[128.88,27.72],[128.9,27.73],[128.9,27.75]]],[[[128.58,27.4],[128.59,27.4],[128.61,27.4],[128.62,27.41],[128.64,27.41],[128.64,27.42],[128.65,27.42],[128.67,27.43],[128.69,27.44],[128.7,27.44],[128.71,27.43],[128.69,27.42],[128.67,27.4],[128.66,27.4],[128.66,27.39],[128.64,27.37],[128.62,27.36],[128.61,27.35],[128.6,27.34],[128.58,27.33],[128.57,27.33],[128.56,27.33],[128.52,27.36],[128.52,27.37],[128.53,27.4],[128.54,27.4],[128.56,27.4],[128.58,27.4]]]]}},{"type":"Feature","properties":{"nam_ja":"新潟県","id":15},"geometry":{"type":"MultiPolygon","coordinates":[[[[139.55,38.55],[139.56,38.55],[139.56,38.54],[139.58,38.54],[139.6,38.52],[139.61,38.52],[139.63,38.52],[139.64,38.52],[139.65,38.51],[139.67,38.51],[139.7,38.5],[139.71,38.5],[139.73,38.49],[139.71,38.48],[139.72,38.46],[139.72,38.43],[139.71,38.41],[139.71,38.39],[139.72,38.39],[139.73,38.38],[139.74,38.36],[139.76,38.36],[139.79,38.35],[139.82,38.36],[139.83,38.34],[139.85,38.34],[139.87,38.33],[139.88,38.32],[139.9,38.29],[139.89,38.27],[139.87,38.25],[139.86,38.23],[139.83,38.22],[139.81,38.21],[139.79,38.2],[139.77,38.2],[139.76,38.19],[139.74,38.2],[139.73,38.2],[139.72,38.21],[139.7,38.2],[139.69,38.19],[139.68,38.17],[139.68,38.16],[139.69,38.13],[139.69,38.11],[139.67,38.09],[139.67,38.08],[139.69,38.07],[139.69,38.06],[139.68,38.05],[139.67,38.04],[139.66,38.03],[139.65,38.01],[139.65,38.0],[139.64,37.99],[139.64,37.97],[139.64,37.95],[139.64,37.93],[139.63,37.92],[139.63,37.91],[139.64,37.88],[139.65,37.87],[139.68,37.85],[139.69,37.85],[139.72,37.85],[139.72,37.84],[139.74,37.82],[139.72,37.81],[139.69,37.78],[139.67,37.76],[139.66,37.75],[139.65,37.73],[139.63,37.72],[139.62,37.7],[139.63,37.69],[139.62,37.69],[139.6,37.67],[139.59,37.67],[139.57,37.65],[139.55,37.65],[139.55,37.64],[139.55,37.62],[139.55,37.61],[139.57,37.6],[139.57,37.58],[139.57,37.57],[139.57,37.55],[139.57,37.54],[139.59,37.53],[139.59,37.52],[139.57,37.5],[139.56,37.51],[139.53,37.51],[139.51,37.51],[139.5,37.51],[139.48,37.5],[139.47,37.51],[139.46,37.52],[139.44,37.51],[139.43,37.51],[139.41,37.5],[139.41,37.49],[139.4,37.47],[139.39,37.46],[139.37,37.47],[139.35,37.47],[139.33,37.46],[139.31,37.46],[139.28,37.45],[139.26,37.45],[139.25,37.45],[139.22,37.45],[139.21,37.44],[139.21,37.42],[139.2,37.41],[139.22,37.39],[139.23,37.39],[139.24,37.37],[139.23,37.34],[139.22,37.33],[139.22,37.31],[139.21,37.29],[139.19,37.27],[139.17,37.26],[139.16,37.24],[139.18,37.21],[139.2,37.19],[139.21,37.2],[139.22,37.2],[139.23,37.19],[139.24,37.18],[139.24,37.17],[139.25,37.17],[139.25,37.16],[139.24,37.13],[139.24,37.09],[139.25,37.08],[139.25,37.07],[139.26,37.05],[139.25,37.04],[139.25,37.03],[139.25,37.01],[139.25,36.98],[139.25,36.97],[139.25,36.96],[139.24,36.94],[139.23,36.94],[139.23,36.96],[139.21,36.96],[139.19,36.96],[139.18,36.97],[139.17,37.0],[139.14,37.02],[139.12,37.04],[139.11,37.05],[139.09,37.04],[139.09,37.02],[139.07,37.01],[139.05,36.99],[139.03,36.98],[139.0,36.98],[138.99,36.98],[138.97,36.97],[138.97,36.93],[138.98,36.9],[138.97,36.89],[138.94,36.9],[138.92,36.88],[138.92,36.85],[138.93,36.84],[138.9,36.83],[138.88,36.82],[138.87,36.82],[138.85,36.81],[138.83,36.82],[138.83,36.8],[138.83,36.78],[138.82,36.76],[138.8,36.76],[138.79,36.75],[138.78,36.75],[138.77,36.75],[138.76,36.75],[138.74,36.76],[138.72,36.76],[138.71,36.74],[138.7,36.74],[138.69,36.76],[138.67,36.77],[138.68,36.79],[138.7,36.81],[138.68,36.82],[138.69,36.84],[138.69,36.85],[138.68,36.87],[138.65,36.87],[138.64,36.88],[138.63,36.88],[138.62,36.9],[138.6,36.91],[138.59,36.92],[138.59,36.93],[138.59,36.96],[138.59,36.98],[138.57,37.0],[138.57,37.02],[138.55,37.02],[138.54,37.02],[138.52,37.03],[138.5,37.03],[138.49,37.02],[138.48,37.02],[138.45,37.02],[138.42,37.01],[138.41,37.0],[138.39,37.0],[138.38,36.98],[138.37,36.97],[138.36,36.95],[138.36,36.93],[138.34,36.92],[138.32,36.93],[138.3,36.91],[138.29,36.9],[138.3,36.89],[138.29,36.87],[138.29,36.85],[138.27,36.85],[138.26,36.87],[138.23,36.86],[138.21,36.87],[138.2,36.85],[138.18,36.85],[138.15,36.85],[138.13,36.85],[138.12,36.85],[138.1,36.84],[138.09,36.84],[138.08,36.83],[138.07,36.8],[138.05,36.81],[138.04,36.81],[138.03,36.82],[138.02,36.82],[138.0,36.83],[138.02,36.85],[138.02,36.86],[138.03,36.89],[138.02,36.89],[138.01,36.9],[137.99,36.91],[137.97,36.91],[137.95,36.91],[137.92,36.92],[137.9,36.91],[137.88,36.92],[137.87,36.91],[137.87,36.9],[137.87,36.88],[137.88,36.87],[137.87,36.86],[137.85,36.84],[137.84,36.83],[137.83,36.81],[137.82,36.8],[137.78,36.77],[137.76,36.77],[137.75,36.78],[137.75,36.8],[137.74,36.81],[137.73,36.83],[137.73,36.86],[137.73,36.87],[137.71,36.9],[137.72,36.92],[137.72,36.93],[137.69,36.94],[137.67,36.95],[137.64,36.97],[137.65,36.98],[137.73,37.0],[137.75,37.01],[137.84,37.04],[137.91,37.06],[137.93,37.07],[137.95,37.09],[137.97,37.1],[138.0,37.11],[138.02,37.11],[138.05,37.13],[138.06,37.14],[138.08,37.15],[138.09,37.17],[138.1,37.17],[138.13,37.17],[138.14,37.17],[138.15,37.16],[138.19,37.17],[138.22,37.17],[138.25,37.18],[138.25,37.19],[138.26,37.21],[138.25,37.19],[138.25,37.18],[138.25,37.19],[138.26,37.19],[138.35,37.25],[138.42,37.31],[138.44,37.32],[138.46,37.34],[138.47,37.34],[138.49,37.35],[138.5,37.35],[138.51,37.36],[138.52,37.36],[138.53,37.37],[138.54,37.37],[138.55,37.38],[138.62,37.47],[138.62,37.49],[138.63,37.49],[138.65,37.51],[138.66,37.52],[138.68,37.54],[138.7,37.55],[138.73,37.59],[138.76,37.63],[138.76,37.64],[138.77,37.65],[138.78,37.67],[138.79,37.71],[138.78,37.72],[138.79,37.73],[138.8,37.75],[138.82,37.79],[138.87,37.84],[138.92,37.87],[139.02,37.92],[139.07,37.95],[139.1,37.96],[139.13,37.96],[139.15,37.97],[139.22,37.99],[139.23,37.99],[139.24,38.01],[139.29,38.03],[139.37,38.11],[139.43,38.18],[139.43,38.19],[139.45,38.24],[139.44,38.25],[139.45,38.27],[139.45,38.31],[139.45,38.34],[139.45,38.36],[139.46,38.39],[139.46,38.4],[139.46,38.41],[139.47,38.42],[139.48,38.44],[139.48,38.45],[139.5,38.47],[139.51,38.48],[139.51,38.49],[139.52,38.5],[139.52,38.51],[139.55,38.55]]],[[[138.24,37.8],[138.24,37.81],[138.23,37.81],[138.22,37.81],[138.21,37.81],[138.21,37.82],[138.21,37.83],[138.22,37.84],[138.23,37.84],[138.24,37.84],[138.25,37.84],[138.26,37.84],[138.28,37.88],[138.29,37.88],[138.29,37.9],[138.28,37.91],[138.3,37.93],[138.33,37.95],[138.34,37.96],[138.33,37.99],[138.29,38.01],[138.26,37.99],[138.26,37.98],[138.25,37.97],[138.24,37.97],[138.23,37.98],[138.23,38.0],[138.23,38.01],[138.22,38.02],[138.24,38.03],[138.24,38.04],[138.24,38.05],[138.23,38.06],[138.24,38.07],[138.25,38.08],[138.24,38.08],[138.24,38.09],[138.25,38.09],[138.26,38.1],[138.27,38.11],[138.28,38.13],[138.29,38.13],[138.29,38.14],[138.3,38.15],[138.3,38.16],[138.31,38.17],[138.33,38.2],[138.34,38.2],[138.35,38.2],[138.37,38.22],[138.38,38.23],[138.39,38.24],[138.4,38.25],[138.41,38.25],[138.42,38.25],[138.43,38.25],[138.44,38.27],[138.44,38.29],[138.46,38.31],[138.46,38.32],[138.47,38.32],[138.49,38.33],[138.5,38.33],[138.52,38.33],[138.52,38.32],[138.51,38.3],[138.51,38.27],[138.5,38.25],[138.49,38.2],[138.48,38.18],[138.47,38.17],[138.45,38.15],[138.44,38.13],[138.43,38.1],[138.43,38.09],[138.44,38.09],[138.44,38.08],[138.49,38.07],[138.5,38.07],[138.51,38.07],[138.53,38.08],[138.54,38.08],[138.55,38.08],[138.56,38.09],[138.57,38.08],[138.57,38.07],[138.57,38.06],[138.55,38.03],[138.54,38.0],[138.53,37.99],[138.51,37.96],[138.5,37.94],[138.5,37.92],[138.48,37.91],[138.47,37.9],[138.46,37.89],[138.44,37.88],[138.41,37.87],[138.4,37.86],[138.37,37.84],[138.36,37.83],[138.35,37.83],[138.32,37.83],[138.3,37.82],[138.29,37.82],[138.28,37.81],[138.27,37.81],[138.26,37.81],[138.25,37.8],[138.24,37.8]]]]}},{"type":"Feature","properties":{"nam_ja":"高知県","id":39},"geometry":{"type":"MultiPolygon","coordinates":[[[[133.58,33.87],[133.61,33.88],[133.62,33.87],[133.65,33.88],[133.67,33.87],[133.68,33.86],[133.7,33.85],[133.73,33.85],[133.75,33.84],[133.77,33.84],[133.78,33.84],[133.79,33.84],[133.8,33.84],[133.81,33.84],[133.84,33.84],[133.85,33.83],[133.87,33.81],[133.89,33.8],[133.91,33.79],[133.92,33.8],[133.95,33.81],[133.96,33.83],[133.98,33.84],[133.99,33.84],[134.01,33.82],[134.04,33.82],[134.04,33.8],[134.05,33.79],[134.06,33.76],[134.06,33.75],[134.07,33.73],[134.07,33.71],[134.06,33.69],[134.08,33.69],[134.1,33.69],[134.12,33.7],[134.14,33.69],[134.17,33.68],[134.17,33.67],[134.18,33.65],[134.18,33.64],[134.16,33.63],[134.15,33.63],[134.16,33.61],[134.17,33.61],[134.17,33.6],[134.18,33.59],[134.19,33.58],[134.19,33.57],[134.21,33.57],[134.23,33.56],[134.24,33.56],[134.26,33.55],[134.27,33.56],[134.3,33.56],[134.31,33.55],[134.3,33.55],[134.3,33.54],[134.29,33.54],[134.29,33.53],[134.29,33.52],[134.27,33.5],[134.25,33.47],[134.23,33.44],[134.22,33.41],[134.21,33.39],[134.21,33.37],[134.2,33.35],[134.2,33.33],[134.19,33.31],[134.18,33.26],[134.18,33.24],[134.17,33.26],[134.16,33.26],[134.14,33.28],[134.15,33.28],[134.15,33.29],[134.14,33.3],[134.11,33.29],[134.11,33.3],[134.1,33.33],[134.08,33.34],[134.04,33.37],[134.03,33.38],[134.04,33.4],[134.02,33.42],[134.01,33.42],[133.98,33.43],[133.96,33.44],[133.94,33.46],[133.91,33.49],[133.89,33.5],[133.86,33.5],[133.82,33.52],[133.77,33.52],[133.75,33.52],[133.76,33.53],[133.74,33.54],[133.72,33.54],[133.69,33.54],[133.62,33.52],[133.57,33.5],[133.56,33.5],[133.56,33.51],[133.57,33.52],[133.57,33.53],[133.57,33.54],[133.56,33.55],[133.55,33.54],[133.56,33.54],[133.55,33.52],[133.56,33.5],[133.58,33.5],[133.54,33.48],[133.49,33.46],[133.46,33.45],[133.45,33.45],[133.44,33.45],[133.43,33.44],[133.42,33.45],[133.42,33.44],[133.41,33.45],[133.4,33.44],[133.41,33.43],[133.4,33.43],[133.39,33.43],[133.38,33.43],[133.37,33.43],[133.35,33.42],[133.35,33.41],[133.36,33.42],[133.36,33.41],[133.37,33.41],[133.37,33.42],[133.38,33.42],[133.39,33.42],[133.4,33.42],[133.4,33.41],[133.4,33.42],[133.41,33.42],[133.41,33.43],[133.42,33.44],[133.42,33.43],[133.43,33.43],[133.44,33.44],[133.45,33.43],[133.46,33.43],[133.45,33.42],[133.44,33.41],[133.43,33.42],[133.43,33.41],[133.42,33.41],[133.41,33.41],[133.41,33.4],[133.4,33.4],[133.39,33.41],[133.38,33.4],[133.38,33.39],[133.36,33.4],[133.34,33.4],[133.33,33.39],[133.33,33.37],[133.33,33.36],[133.32,33.36],[133.31,33.37],[133.32,33.37],[133.32,33.38],[133.31,33.38],[133.3,33.38],[133.29,33.38],[133.3,33.39],[133.29,33.41],[133.29,33.4],[133.29,33.39],[133.28,33.38],[133.27,33.38],[133.27,33.37],[133.26,33.37],[133.26,33.36],[133.26,33.35],[133.26,33.34],[133.25,33.33],[133.24,33.33],[133.23,33.32],[133.24,33.32],[133.25,33.31],[133.25,33.3],[133.24,33.3],[133.24,33.29],[133.24,33.28],[133.25,33.28],[133.26,33.28],[133.26,33.26],[133.26,33.25],[133.25,33.25],[133.25,33.24],[133.26,33.23],[133.24,33.22],[133.23,33.2],[133.21,33.18],[133.22,33.18],[133.22,33.17],[133.21,33.16],[133.22,33.15],[133.21,33.15],[133.21,33.16],[133.19,33.17],[133.17,33.15],[133.16,33.13],[133.15,33.12],[133.15,33.11],[133.14,33.1],[133.13,33.09],[133.12,33.09],[133.11,33.07],[133.11,33.08],[133.1,33.07],[133.11,33.06],[133.09,33.04],[133.09,33.02],[133.08,33.03],[133.06,33.04],[133.05,33.04],[133.04,33.04],[133.01,33.02],[133.01,33.01],[133.01,33.0],[133.0,32.99],[133,32.98],[133.0,32.97],[133.0,32.96],[133.0,32.95],[132.99,32.93],[133.0,32.93],[133.0,32.92],[133.01,32.91],[133.01,32.9],[133.0,32.88],[132.99,32.87],[132.97,32.87],[132.96,32.86],[132.95,32.86],[132.96,32.85],[132.95,32.84],[132.96,32.83],[132.95,32.83],[132.96,32.8],[132.97,32.8],[133.0,32.79],[133.0,32.78],[133.02,32.76],[133.02,32.73],[133.01,32.72],[133.0,32.72],[132.99,32.73],[132.98,32.73],[132.97,32.73],[132.96,32.74],[132.97,32.75],[132.96,32.75],[132.96,32.76],[132.95,32.76],[132.96,32.77],[132.96,32.78],[132.95,32.76],[132.94,32.78],[132.95,32.78],[132.94,32.78],[132.93,32.78],[132.92,32.78],[132.9,32.79],[132.89,32.79],[132.88,32.79],[132.88,32.78],[132.87,32.77],[132.87,32.78],[132.87,32.79],[132.86,32.79],[132.85,32.79],[132.85,32.78],[132.83,32.78],[132.83,32.77],[132.82,32.76],[132.81,32.75],[132.8,32.75],[132.79,32.75],[132.78,32.76],[132.76,32.76],[132.76,32.75],[132.75,32.77],[132.73,32.78],[132.72,32.8],[132.71,32.8],[132.7,32.8],[132.68,32.79],[132.69,32.79],[132.67,32.78],[132.65,32.78],[132.64,32.76],[132.63,32.76],[132.64,32.77],[132.63,32.78],[132.64,32.79],[132.63,32.8],[132.64,32.8],[132.65,32.8],[132.66,32.8],[132.64,32.81],[132.65,32.81],[132.65,32.82],[132.66,32.83],[132.66,32.84],[132.67,32.84],[132.66,32.85],[132.66,32.86],[132.67,32.86],[132.68,32.87],[132.69,32.88],[132.7,32.89],[132.71,32.88],[132.72,32.88],[132.71,32.89],[132.72,32.89],[132.72,32.9],[132.71,32.9],[132.72,32.91],[132.71,32.91],[132.71,32.92],[132.7,32.92],[132.69,32.93],[132.69,32.92],[132.68,32.92],[132.67,32.92],[132.66,32.92],[132.65,32.93],[132.66,32.94],[132.67,32.94],[132.68,32.95],[132.68,32.96],[132.69,32.97],[132.69,32.98],[132.68,32.99],[132.68,33.01],[132.68,33.02],[132.67,33.05],[132.67,33.07],[132.67,33.09],[132.65,33.11],[132.64,33.13],[132.63,33.14],[132.62,33.16],[132.62,33.17],[132.63,33.19],[132.64,33.17],[132.66,33.16],[132.68,33.14],[132.7,33.14],[132.72,33.16],[132.74,33.18],[132.74,33.19],[132.75,33.2],[132.77,33.2],[132.77,33.22],[132.77,33.23],[132.77,33.24],[132.78,33.26],[132.79,33.27],[132.81,33.28],[132.83,33.29],[132.85,33.29],[132.87,33.3],[132.9,33.32],[132.9,33.33],[132.9,33.35],[132.87,33.36],[132.86,33.38],[132.85,33.4],[132.84,33.4],[132.83,33.41],[132.82,33.42],[132.82,33.45],[132.81,33.45],[132.81,33.47],[132.82,33.47],[132.83,33.48],[132.85,33.48],[132.87,33.47],[132.89,33.47],[132.92,33.47],[132.94,33.47],[132.97,33.47],[132.99,33.48],[133.01,33.49],[133.03,33.51],[133.05,33.54],[133.06,33.54],[133.06,33.56],[133.05,33.59],[133.06,33.6],[133.07,33.6],[133.08,33.61],[133.07,33.62],[133.07,33.65],[133.08,33.65],[133.11,33.66],[133.12,33.68],[133.12,33.69],[133.14,33.7],[133.15,33.72],[133.16,33.74],[133.16,33.76],[133.18,33.77],[133.19,33.79],[133.22,33.78],[133.25,33.79],[133.26,33.79],[133.27,33.82],[133.28,33.83],[133.33,33.81],[133.36,33.83],[133.39,33.82],[133.4,33.84],[133.43,33.84],[133.45,33.83],[133.45,33.84],[133.47,33.84],[133.48,33.83],[133.5,33.83],[133.51,33.84],[133.52,33.85],[133.53,33.86],[133.54,33.88],[133.56,33.88],[133.57,33.87],[133.58,33.87]]]]}},{"type":"Feature","properties":{"nam_ja":"宮崎県","id":45},"geometry":{"type":"MultiPolygon","coordinates":[[[[131.51,32.77],[131.53,32.76],[131.56,32.76],[131.58,32.76],[131.6,32.77],[131.62,32.77],[131.65,32.77],[131.68,32.77],[131.71,32.77],[131.71,32.79],[131.73,32.82],[131.74,32.83],[131.75,32.84],[131.76,32.84],[131.77,32.84],[131.79,32.83],[131.81,32.82],[131.82,32.83],[131.83,32.82],[131.85,32.82],[131.86,32.81],[131.85,32.79],[131.85,32.76],[131.85,32.74],[131.87,32.74],[131.88,32.75],[131.87,32.73],[131.86,32.73],[131.86,32.72],[131.85,32.72],[131.85,32.71],[131.85,32.7],[131.85,32.69],[131.84,32.69],[131.83,32.7],[131.82,32.7],[131.82,32.69],[131.8,32.68],[131.79,32.67],[131.79,32.66],[131.79,32.67],[131.78,32.67],[131.77,32.66],[131.77,32.65],[131.76,32.65],[131.76,32.64],[131.75,32.64],[131.76,32.64],[131.77,32.64],[131.77,32.63],[131.76,32.62],[131.76,32.61],[131.75,32.61],[131.75,32.6],[131.73,32.59],[131.71,32.59],[131.68,32.53],[131.69,32.52],[131.68,32.51],[131.69,32.51],[131.7,32.51],[131.7,32.52],[131.71,32.52],[131.71,32.51],[131.71,32.5],[131.73,32.5],[131.72,32.49],[131.72,32.48],[131.71,32.48],[131.7,32.47],[131.69,32.47],[131.68,32.47],[131.68,32.48],[131.67,32.48],[131.66,32.48],[131.66,32.47],[131.65,32.46],[131.66,32.45],[131.64,32.44],[131.65,32.44],[131.67,32.44],[131.67,32.45],[131.68,32.44],[131.68,32.43],[131.66,32.43],[131.65,32.43],[131.67,32.43],[131.68,32.42],[131.69,32.42],[131.68,32.42],[131.67,32.41],[131.66,32.41],[131.65,32.41],[131.63,32.39],[131.63,32.38],[131.63,32.37],[131.62,32.36],[131.62,32.35],[131.63,32.34],[131.62,32.34],[131.61,32.34],[131.6,32.33],[131.57,32.26],[131.57,32.25],[131.57,32.23],[131.55,32.17],[131.54,32.13],[131.53,32.12],[131.51,32.06],[131.49,32.0],[131.46,31.92],[131.48,31.92],[131.46,31.91],[131.46,31.9],[131.46,31.88],[131.46,31.87],[131.45,31.87],[131.45,31.82],[131.47,31.8],[131.48,31.79],[131.48,31.76],[131.47,31.76],[131.47,31.75],[131.47,31.74],[131.47,31.73],[131.46,31.72],[131.46,31.71],[131.46,31.7],[131.46,31.69],[131.45,31.68],[131.45,31.67],[131.46,31.67],[131.46,31.66],[131.47,31.65],[131.46,31.65],[131.46,31.64],[131.46,31.62],[131.43,31.61],[131.41,31.59],[131.41,31.57],[131.41,31.58],[131.4,31.58],[131.39,31.56],[131.38,31.56],[131.38,31.55],[131.39,31.54],[131.38,31.54],[131.38,31.53],[131.39,31.52],[131.38,31.51],[131.37,31.52],[131.37,31.51],[131.39,31.5],[131.38,31.49],[131.38,31.48],[131.36,31.47],[131.37,31.45],[131.37,31.42],[131.35,31.42],[131.34,31.41],[131.33,31.4],[131.33,31.38],[131.35,31.37],[131.33,31.36],[131.31,31.39],[131.3,31.39],[131.28,31.38],[131.26,31.38],[131.24,31.4],[131.24,31.42],[131.24,31.43],[131.23,31.43],[131.21,31.44],[131.19,31.46],[131.18,31.45],[131.17,31.46],[131.16,31.46],[131.16,31.48],[131.17,31.5],[131.19,31.51],[131.2,31.54],[131.19,31.56],[131.2,31.57],[131.2,31.59],[131.19,31.62],[131.18,31.63],[131.17,31.63],[131.16,31.64],[131.15,31.63],[131.13,31.63],[131.11,31.63],[131.1,31.64],[131.08,31.66],[131.07,31.65],[131.05,31.63],[131.05,31.65],[131.03,31.67],[131.02,31.68],[131.02,31.69],[131.02,31.71],[131.02,31.72],[131.02,31.74],[131.01,31.75],[130.99,31.75],[130.98,31.75],[130.98,31.77],[130.99,31.77],[130.98,31.78],[130.94,31.78],[130.92,31.8],[130.91,31.8],[130.89,31.81],[130.88,31.82],[130.88,31.83],[130.87,31.84],[130.89,31.86],[130.91,31.88],[130.9,31.89],[130.89,31.9],[130.88,31.91],[130.87,31.93],[130.86,31.93],[130.84,31.94],[130.8,31.95],[130.79,31.97],[130.78,32.0],[130.76,32.02],[130.76,32.03],[130.75,32.04],[130.7,32.06],[130.7,32.08],[130.72,32.1],[130.73,32.11],[130.74,32.1],[130.76,32.1],[130.78,32.1],[130.82,32.09],[130.84,32.11],[130.86,32.1],[130.87,32.11],[130.88,32.12],[130.9,32.13],[130.91,32.13],[130.93,32.12],[130.94,32.12],[130.96,32.12],[130.97,32.13],[130.99,32.15],[131.0,32.16],[131.0,32.17],[131.02,32.17],[131.04,32.17],[131.05,32.16],[131.07,32.16],[131.1,32.15],[131.1,32.17],[131.1,32.18],[131.1,32.2],[131.08,32.22],[131.07,32.24],[131.05,32.25],[131.04,32.25],[131.05,32.27],[131.05,32.29],[131.07,32.28],[131.09,32.29],[131.1,32.31],[131.11,32.33],[131.09,32.35],[131.07,32.37],[131.07,32.38],[131.07,32.4],[131.05,32.41],[131.04,32.41],[131.02,32.43],[131.02,32.46],[131.02,32.47],[131.01,32.5],[131.01,32.52],[131.02,32.54],[131.02,32.55],[131.04,32.56],[131.04,32.57],[131.05,32.59],[131.07,32.58],[131.09,32.58],[131.11,32.58],[131.11,32.59],[131.12,32.61],[131.11,32.64],[131.13,32.65],[131.14,32.67],[131.15,32.68],[131.16,32.67],[131.17,32.68],[131.18,32.7],[131.18,32.71],[131.21,32.73],[131.23,32.74],[131.24,32.76],[131.24,32.77],[131.24,32.78],[131.25,32.8],[131.26,32.81],[131.26,32.82],[131.27,32.82],[131.29,32.83],[131.32,32.83],[131.35,32.83],[131.35,32.81],[131.37,32.81],[131.39,32.81],[131.41,32.81],[131.43,32.82],[131.45,32.83],[131.47,32.84],[131.49,32.82],[131.5,32.81],[131.52,32.8],[131.51,32.77]]]]}},{"type":"Feature","properties":{"nam_ja":"神奈川県","id":14},"geometry":{"type":"MultiPolygon","coordinates":[[[[139.13,35.67],[139.15,35.67],[139.17,35.66],[139.18,35.65],[139.19,35.65],[139.21,35.65],[139.22,35.63],[139.23,35.62],[139.24,35.61],[139.26,35.6],[139.27,35.61],[139.3,35.61],[139.31,35.6],[139.33,35.6],[139.36,35.6],[139.38,35.59],[139.39,35.59],[139.4,35.58],[139.42,35.56],[139.43,35.55],[139.44,35.54],[139.46,35.52],[139.47,35.5],[139.48,35.5],[139.48,35.51],[139.49,35.53],[139.48,35.54],[139.48,35.56],[139.47,35.56],[139.48,35.58],[139.49,35.58],[139.49,35.56],[139.5,35.57],[139.51,35.58],[139.49,35.58],[139.49,35.59],[139.48,35.59],[139.48,35.6],[139.47,35.61],[139.45,35.6],[139.46,35.62],[139.47,35.62],[139.48,35.61],[139.49,35.6],[139.5,35.61],[139.5,35.62],[139.51,35.62],[139.52,35.63],[139.53,35.64],[139.55,35.63],[139.57,35.63],[139.59,35.62],[139.6,35.62],[139.62,35.61],[139.63,35.61],[139.67,35.59],[139.68,35.56],[139.7,35.55],[139.7,35.54],[139.74,35.54],[139.76,35.54],[139.79,35.52],[139.79,35.51],[139.77,35.51],[139.77,35.52],[139.76,35.53],[139.75,35.53],[139.75,35.52],[139.77,35.51],[139.75,35.51],[139.75,35.52],[139.74,35.52],[139.74,35.51],[139.75,35.51],[139.74,35.5],[139.73,35.51],[139.72,35.52],[139.72,35.51],[139.73,35.5],[139.71,35.5],[139.7,35.48],[139.7,35.49],[139.69,35.49],[139.69,35.48],[139.68,35.47],[139.67,35.47],[139.64,35.48],[139.63,35.47],[139.63,35.46],[139.64,35.46],[139.63,35.45],[139.64,35.45],[139.65,35.45],[139.66,35.45],[139.67,35.45],[139.66,35.44],[139.67,35.45],[139.67,35.44],[139.68,35.45],[139.68,35.44],[139.69,35.44],[139.68,35.43],[139.68,35.42],[139.68,35.41],[139.67,35.4],[139.66,35.41],[139.63,35.41],[139.63,35.4],[139.64,35.41],[139.64,35.4],[139.63,35.4],[139.62,35.4],[139.63,35.39],[139.64,35.39],[139.63,35.38],[139.65,35.39],[139.65,35.38],[139.65,35.37],[139.66,35.37],[139.65,35.35],[139.64,35.34],[139.63,35.34],[139.62,35.33],[139.63,35.32],[139.63,35.33],[139.64,35.33],[139.66,35.32],[139.65,35.32],[139.65,35.31],[139.64,35.31],[139.64,35.3],[139.63,35.3],[139.64,35.29],[139.65,35.29],[139.66,35.28],[139.66,35.29],[139.66,35.3],[139.67,35.3],[139.68,35.29],[139.67,35.29],[139.68,35.28],[139.69,35.28],[139.69,35.27],[139.72,35.26],[139.73,35.27],[139.73,35.26],[139.74,35.26],[139.75,35.25],[139.74,35.25],[139.73,35.24],[139.72,35.25],[139.73,35.23],[139.73,35.22],[139.72,35.23],[139.71,35.22],[139.72,35.22],[139.73,35.21],[139.7,35.21],[139.66,35.19],[139.66,35.17],[139.67,35.16],[139.68,35.15],[139.68,35.14],[139.67,35.14],[139.66,35.14],[139.65,35.14],[139.64,35.14],[139.63,35.14],[139.62,35.14],[139.61,35.14],[139.61,35.15],[139.62,35.15],[139.61,35.15],[139.61,35.16],[139.61,35.15],[139.62,35.16],[139.61,35.16],[139.62,35.16],[139.63,35.16],[139.62,35.17],[139.61,35.18],[139.62,35.19],[139.61,35.19],[139.6,35.19],[139.6,35.2],[139.61,35.21],[139.62,35.21],[139.62,35.22],[139.61,35.22],[139.6,35.23],[139.6,35.24],[139.59,35.25],[139.58,35.25],[139.58,35.26],[139.57,35.27],[139.57,35.28],[139.57,35.29],[139.56,35.3],[139.55,35.3],[139.53,35.3],[139.49,35.31],[139.49,35.3],[139.48,35.3],[139.44,35.32],[139.4,35.32],[139.36,35.31],[139.32,35.31],[139.27,35.3],[139.21,35.28],[139.15,35.24],[139.14,35.23],[139.14,35.2],[139.14,35.18],[139.14,35.17],[139.14,35.16],[139.14,35.15],[139.16,35.15],[139.16,35.14],[139.15,35.14],[139.14,35.15],[139.13,35.15],[139.12,35.15],[139.09,35.14],[139.06,35.15],[139.04,35.15],[139.03,35.16],[139.03,35.17],[139.03,35.18],[139.01,35.18],[139.0,35.19],[138.99,35.21],[138.98,35.22],[138.98,35.24],[138.97,35.25],[138.98,35.27],[139.0,35.29],[139.01,35.32],[139.01,35.34],[139.01,35.35],[139.01,35.37],[139.0,35.4],[138.98,35.4],[138.95,35.4],[138.93,35.4],[138.92,35.41],[138.93,35.43],[138.94,35.44],[138.95,35.46],[138.97,35.47],[138.99,35.47],[139.0,35.47],[139.01,35.47],[139.02,35.48],[139.03,35.48],[139.04,35.5],[139.05,35.51],[139.07,35.51],[139.09,35.51],[139.11,35.53],[139.11,35.54],[139.12,35.55],[139.13,35.57],[139.12,35.58],[139.12,35.59],[139.13,35.61],[139.13,35.62],[139.13,35.64],[139.12,35.65],[139.12,35.66],[139.13,35.67]]]]}}]}